userid,title,estatetype,address,ward,district,city,area,price,description,roomnum,restroom,electricity,water,wifi,ultility,rented,created,updated,expired
2,"BÃ¡n Ä‘áº¥t XÃ£ Mai LÃ¢m, Huyá»‡n ÄÃ´ng Anh HN",0,ÄÆ°á»ng LÃª XÃ¡,XÃ£ Mai LÃ¢m,Huyá»‡n ÄÃ´ng Anh,HÃ  Ná»™i,66.0,250000.0,"TÃ´i cÃ³ lÃ´ Ä‘áº¥t Ä‘Ã£ cÃ³ sá»• Ä‘á» táº¡i ThÃ´n LÃª XÃ¡, XÃ£ Mai LÃ¢m, Huyá»‡n ÄÃ´ng Anh
Vá»‹ trÃ­ gáº§n cáº§u ÄÃ´ng TrÃ¹
ÄÆ°á»ng trÆ°á»›c nhÃ  3m
Diá»‡n tÃ­ch cá»±c Ä‘áº¹p : 66.6m2 máº·t tiá»n 5.5m
GiÃ¡ bÃ¡n : 38 triá»‡u/m2
CÃ³ ra lá»™c cho ngÆ°á»i mua thiá»‡n chÃ­ giao dá»‹ch
TÃ´i chÃ­nh chá»§ cá»§a lÃ´ Ä‘áº¥t, tháº­t sá»± cÅ©ng khÃ´ng cÃ³ nhiá»u thá»i gian dáº«n khÃ¡ch Ä‘i xem Ä‘áº¥t nÃªn tÃ´i cÃ³ up áº£nh Ä‘Æ°á»ng Ä‘i vÃ o lÃ´ Ä‘áº¥t theo thá»© tá»± Ä‘á»ƒ ngÆ°á»i xem cÃ³ cÃ¡i nhÃ¬n tá»•ng quÃ¡t nháº¥t
Cáº£m Æ¡n Ä‘Ã£ Ä‘á»c tin !",4,chung,2000,10000,CÃ³ lÃ  Ä‘Æ°á»£c,Gáº§n tráº¡i giam,1,2021-04-29 21:44:00.230977,2021-04-29 21:44:00.231969,2021-06-23 21:44:00.231969
1,BÃ¡n nhÃ  Thanh XuÃ¢n gáº§n ÄH NhÃ¢n VÄƒn kinh doanh tá»‘t,1,ÄÆ°á»ng Nguyá»…n TrÃ£i,PhÆ°á»ng Thanh XuÃ¢n Trung,Quáº­n Thanh XuÃ¢n,HÃ  Ná»™i,70.0,1150000.0,"BÃ¡n nhÃ  Ä‘Æ°á»ng Nguyá»…n TrÃ£i quáº­n Thanh XuÃ¢n gáº§n ÄH NhÃ¢n VÄƒn
DT 70m2, 5 táº§ng, 3 ngá»§, táº§ng 1 kinh doanh
NhÃ  cÃ¡ch máº·t Ä‘Æ°á»ng Nguyá»…n TrÃ£i 10m, lÃ´ gÃ³c 3 thoÃ¡ng, máº·t ngÃµ 6m Ã´ tÃ´ trÃ¡nh thoáº£i mÃ¡i,  mua vá»«a á»Ÿ, vá»«a kinh doanh tá»‘t
CÃ¡c phá»‘ lÃ¢n cáº­n Nguyá»…n TuÃ¢n - VÅ© Trá»ng Phá»¥ng
Sá»• Ä‘á» chÃ­nh chá»§. GiÃ¡ 11.5 tá»·
LiÃªn há»‡ Mr Máº¡nh Ä‘á»ƒ xem nhÃ ",3,khÃ´ng cÃ³,2000,8000,natD,hasagi,0,2021-04-29 21:44:00.230977,2021-04-29 21:44:00.231969,2021-07-23 21:44:00.231969
2,SiÃªu Ä‘áº¹p nhÃ  thÃ´ng ra nguyá»…n xiá»ƒn,1,ÄÆ°á»ng KhÆ°Æ¡ng ÄÃ¬nh,PhÆ°á»ng KhÆ°Æ¡ng ÄÃ¬nh,Quáº­n Thanh XuÃ¢n,HÃ  Ná»™i,40.0,700000.0,"NHÃ€ Äáº¸P - GARA Ã” TÃ” - FULL Ná»˜I THáº¤T - TIá»†N ÃCH
KHÆ¯Æ NG ÄÃŒNH
MÃ´ táº£: 
+
+ ngÃµ HoÃ ng Äáº¡o ThÃ nh, ngÃµ Ã´ tÃ´.
+ NhÃ  má»›i Ä‘áº¹p, Ã´ tÃ´ vÃ o nhÃ , Ä‘Æ°á»ng trÆ°á»›c nhÃ  hai Ã´ tÃ´ trÃ¡nh, ngay dÆ°á»›i chÃ¢n chung cÆ°, cáº¡nh Five stars.
+ Cáº¡nh lÃ  bá»ƒ bÆ¡i, bÃ£i Ä‘á»ƒ xe, trÆ°á»ng há»c Kim Giang, Háº¡ ÄÃ¬nh, vÃ i bÆ°á»›c Ä‘i bá»™ ra há»“ Háº¡ ÄÃ¬nh.
+ NhÃ  xÃ¢y má»›i 5 táº§ng, thiáº¿t káº¿ hiá»‡n Ä‘áº¡i, full ná»™i tháº¥t xá»‹n sÃ² (giÆ°á»ng, tá»§, bÃ n, gháº¿, Ä‘iá»u hoÃ ):
- T1: Ga ra + VS.
- T2: PhÃ²ng khÃ¡ch, báº¿p + VS.
- T3, 4: 4 phÃ²ng ngá»§ + 2VS.
- T5: SÃ¢n phÆ¡i + sÃ¢n phÆ¡i.
+ Sá»• Ä‘á» chÃ­nh chá»§, cáº¥t kÃ©t sáºµn giao dá»‹ch. 

mr:SÆ¡n 097196 tÃ¡m tÃ¡m tÃ¡m 3",3,khÃ´ng cÃ³,3000,9000,natB,hasagi,1,2021-04-29 21:44:00.230977,2021-04-29 21:44:00.231969,2021-07-24 21:44:00.231969
2,CHÃNH CHá»¦ Cáº¦N BÃN NHÃ€ 33M2 MP TRáº¦N ÄÄ‚NG NINH,1,ÄÆ°á»ng Tráº§n ÄÄƒng Ninh,PhÆ°á»ng Quang Trung,Quáº­n HÃ  ÄÃ´ng,HÃ  Ná»™i,33.0,540000.0,"CHÃNH CHá»¦ Cáº¦N BÃN PHá» 159 TRáº¦N ÄÄ‚NG NINH - HÃ€ ÄÃ”NG NHÃ€ 5 Táº¦NG ( DO CÃ“ NHU Cáº¦U CHUYá»‚N RA Máº¶T PHá» TO Äá»‚ KINH DOANH )
âŒ GIÃ 5,x tá»· cÃ³ thÆ°Æ¡ng lÆ°á»£ng áº¡ 
NHÃ€ 3 OTO TRÃNH NHAU THOáº¢I MÃI - Vá»ˆA HÃˆ Rá»˜NG - DIá»†N TÃCH TRONG Sá»” 33m2 - THá»°C Táº¾ Sá»¬ Dá»¤NG 40M2 -  KHU AN NINH Tá»T Äá»– XE OTO á» Cá»¬A Cáº¢ ÄÃŠM THOáº¢I MÃI
- NhÃ  xÃ¢y tÃ¢m huyáº¿t cháº¯c cháº¯n, nhÃ  nhÆ° má»›i, cá»­a vÃ  cáº§u thang toÃ n gá»— Lim ráº¥t dÃ y vÃ  Ä‘áº¹p.
Ná»˜I THáº¤T TRONG NHÃ€ TOÃ€N Gá»– ,Äá»‚ Láº I Háº¾T CHO AI CÃ“ THIá»†N TRÃ
- Thiáº¿t káº¿ nhÃ  cá»±c ká»³ há»£p lÃ½:
+ Táº§ng 1: Äá»ƒ xe + báº¿p + vá»‡ sinh cuá»‘i ( sau nhÃ  cÃ²n 1 trá»‘ng )
+ Tá»•ng 5 phÃ²ng ngá»§ rá»™ng Ä‘áº¹p 
+ 1 phÃ²ng thá» + 1 phÃ²ng phÆ¡i Ä‘á»“
- Xung quanh nhÃ  tiá»‡n Ã­ch vÃ´ cÃ¹ng - Gáº¦N MÃŠTRO , CHá»¢ HÃ€ ÄÃ”NG, Quang trung , Äi láº¡i thuáº­n tiá»‡n",1,chung,3000,10000,natD,Báº¿n xe bus,0,2021-04-29 21:44:00.230977,2021-04-29 21:44:00.231969,2021-07-11 21:44:00.231969
1,"NhÃ  Phá»‘ Tráº¡m, Aeon mall 5 Táº§ng, Ã”tÃ´ Äá»—, Kinh Doanh",1,Phá»‘ Tráº¡m,PhÆ°á»ng Long BiÃªn,Quáº­n Long BiÃªn,HÃ  Ná»™i,42.0,360000.0,"NhÃ  Má»›i Phá»‘ Tráº¡m, Aeon mall 5 Táº§ng, NgÃµ 3.5m Ã” tÃ´ Äá»— Cá»­a, Chá»‰ 3.6 tá»·
- Diá»‡n tÃ­ch 42m2 máº·t tiá»n 3.5m háº­u ná»Ÿ 3.9m hÆ°á»›ng Ä‘Ã´ng báº¯c.
- NgÃµ trÆ°á»›c nhÃ  3.5m Ã´ tÃ´ Ä‘á»— cá»­a, cÃ¡ch 5m ra Ä‘Æ°á»ng Ã´ tÃ´ trÃ¡nh.
- NhÃ  thiáº¿t káº¿ 5 táº§ng, 3 phÃ²ng ngá»§, 1 phÃ²ng thá», sÃ¢n phÆ¡i.
- Vá»‹ trÃ­ nhÃ  táº¡i phá»‘ tráº¡m, Ngay cáº¡nh Aoen, LÃªn cáº§u vÄ©nh tuy chá»‰ 1p, sang ná»™i thÃ nh 5p, giao thÃ´ng thuáº­n tiá»‡n.
- Cam káº¿t sá»• Ä‘á» chÃ­nh chá»§, ko tranh cháº¥p, quy hoáº¡ch, Ä‘áº§y Ä‘á»§ ná»™i tháº¥t gáº¯n tÆ°á»ng.
GiÃ¡ 3.6 tá»· (cÃ³ thÆ°Æ¡ng lÆ°á»£ng)
LiÃªn há»‡: Mr TÃ¹ng 0912 017 115 Ä‘á»ƒ Ä‘i xem nhÃ  trá»±c tiáº¿p vÃ  miá»…n phÃ­",3,khÃ´ng cÃ³,3000,8000,natD, gáº§n BV tÃ¢m tháº§n kinh,1,2021-04-29 21:44:00.230977,2021-04-29 21:44:00.231969,2021-07-05 21:44:00.231969
1,Äáº¥t 85m oto cháº¡y nhÆ° phá»‘ xÃ¢y VP hay chia 2 lÃ´ Ä‘á»u,0,ÄÆ°á»ng HoÃ ng Äáº¡o ThÃ nh,PhÆ°á»ng Kim Giang,Quáº­n Thanh XuÃ¢n,HÃ  Ná»™i,85.0,595000.0,"ğŸ’¥ğŸ’¥ğŸ’¥ğŸ’¥ğŸ’¥Cá»°C HIáº¾M - Ã” TÃ” ÄUA - CÃCH Máº¶T PHá» 39M - KINH DOANH VÄ‚N PHÃ’NG Äá»ˆNH - DÃ‚N TRÃ CAO - AN SINH CAO - LÃ” Äáº¤T CÃ’N SÃ“T Láº I DUY NHáº¤TğŸ’¥ğŸ’¥ğŸ’¥ğŸ’¥

 HoÃ ng Äáº¡o ThÃ nh ráº» Ä‘áº¹p nháº¥t quáº­n Thanh XuÃ¢n

Äáº¥t  85m  Mt 9m 

MÃ´ táº£:

+ Máº£nh Ä‘áº¥t hiáº¿m náº±m á»Ÿ vá»‹ trÃ­ trung tÃ¢m quáº­n Thanh XuÃ¢n, Phá»‘ HoÃ ng Äáº¡o ThÃ nh Ä‘Æ°á»£c quy hoáº¡ch á»•n Ä‘á»‹nh, ngÃµ nÃ o cÅ©ng Ä‘áº¹p. Khu dÃ¢n trÃ­ cao, anh sinh cao. 

+ Quáº­n Thanh XuÃ¢n Ä‘ang phÃ¡t triá»ƒn, xung quanh nhÃ  háº¡ táº§ng Ä‘Ã£ á»•n Ä‘á»‹nh Ä‘áº¹p. Gáº§n cum trÆ°á»ng chuáº©n quá»‘c gia máº§m non, tiá»ƒu há»c, THCS Kim Giang. Chá»£, TTTM vÃ¢y kÃ­n. 

+ Sá»• Ä‘á» chuáº©n phÃ¡p lÃ½:",1,khÃ´ng cÃ³,2000,11000,á»”n Ä‘á»‹nh, gáº§n BV tÃ¢m tháº§n kinh,0,2021-04-29 21:44:00.230977,2021-04-29 21:44:00.231969,2021-06-27 21:44:00.231969
2,KhÃ¡ch sáº¡n 10p Ä‘ang kinh doanh tá»‘t phá»‘ giáº£ng vÃµ,2,ÄÆ°á»ng Giáº£ng VÃµ,PhÆ°á»ng CÃ¡t Linh,Quáº­n Äá»‘ng Äa,HÃ  Ná»™i,50.0,1450000.0,"ChÃ­nh chá»§ bÃ¡n khÃ¡ch sáº¡n mini 10p 6 táº§ng cÃ³ thang mÃ¡y. Ná»™i tháº¥t cao cáº¥p. KhÃ¡ch sáº¡n Ä‘ang hoáº¡t Ä‘á»™ng kinh doanh tá»‘t nhÆ°ng cáº§n bÃ¡n gáº¥p trong thÃ¡ng do cáº§n tiá»n giáº£i quyáº¿t viá»‡c riÃªng. Äáº§y Ä‘á»§ cÃ¡c loáº¡i giáº¥y phÃ©p Ä‘kkd, pccc, antt.",2,khÃ´ng cÃ³,3000,9000,Nhanh hÆ¡n cÃ¡ch ngÆ°á»i yÃªu cÅ© trá»Ÿ máº·t,Gáº§n tráº¡i giam,0,2021-04-29 21:44:00.230977,2021-04-29 21:44:00.231969,2021-07-26 21:44:00.231969
2,NHÃ€ ÃI Má»˜-NGÃ• Ã” TÃ” THÃ”NG- NHÃ€ Äáº¸P 45M2 CHá»ˆ:4.35 Tá»¶,1,ÄÆ°á»ng Ãi Má»™,PhÆ°á»ng Bá»“ Äá»,Quáº­n Long BiÃªn,HÃ  Ná»™i,45.0,435000.0,"ğŸ’¥ğŸ’¥ğŸ’¥ ÃI Má»˜ - NGÃ• Ã” TÃ” THÃ”NG - Gáº¦N PHá» - NHÃ€ Äáº¸P - á» NGAY ğŸŒºğŸŒºğŸŒº

MÃ´ táº£:
+ Vá»‹ trÃ­ Ä‘áº¯c Ä‘á»‹a, khu lÃµi Long BiÃªn, Ä‘ang dc sÄƒn tÃ¬m nháº¥t tiá»‡n Ã­ch xung quanh báº¡t ngÃ n, ngÃµ rá»™ng, thÃ´ng, Nguyá»…n VÄƒn Cá»«, Ä‘i láº¡i sinh hoáº¡t tiá»‡n lá»£i.

+ NhÃ  dÃ¢n xÃ¢y 4 táº§ng Ä‘á»§ ná»™i tháº¥t, chá»‰ viá»‡c xÃ¡ch vali vá» á»Ÿ.

Táº§ng 1: Pk + Báº¿p vÃ  Wc
Táº§ng 2,3: Má»—i táº§ng 2PN vÃ  Wc
Táº§ng 4: PhÃ²ng thá» vÃ  sÃ¢n phÆ¡i.

+ Sá»• Ä‘á» chÃ­nh chá»§, giao dá»‹ch trong vÃ²ng ná»‘t nháº¡c.
LH: ÄÃ¬nh Khanh",2,riÃªng,3000,10000,CÃ³ lÃ  Ä‘Æ°á»£c,Gáº§n tráº¡i giam,1,2021-04-29 21:44:00.230977,2021-04-29 21:44:00.231969,2021-06-13 21:44:00.231969
1,Äáº¥t thá»• cÆ° chÃ­nh chá»§,0,Äáº¡i Ã¡ng,XÃ£ Äáº¡i Ã¡ng,Huyá»‡n Thanh TrÃ¬,HÃ  Ná»™i,61.0,130000.0,"Dá»± Ã¡n: Thá»• cÆ°.
          ThÃ´ng tin chi tiáº¿t: NgÃµ rá»™ng Ã´ tÃ´ vÃ o tÃ¢n Ä‘áº¥t. Gáº§n trÆ°á»ng há»c vÃ  Ä‘Æ°á»ng thÃ´ng. Ra Ä‘Æ°á»ng to thÃ´ng lÃªn HÃ  ÄÃ´ng 10p xe mÃ¡y.cÃ²n nhiá»u tiá»‡n nghi khÃ¡c
LiÃªn há»‡ :. Quang 30 tuá»•i",3,chung,3000,11000,á»”n Ä‘á»‹nh,Gáº§n tráº¡i giam,0,2021-04-29 21:44:00.230977,2021-04-29 21:44:00.231969,2021-07-10 21:44:00.231969
1,BÃ¡n nhÃ  Nguyá»…n TrÃ£i Thanh XuÃ¢n Royal City gáº§n phá»‘,1,ÄÆ°á»ng Nguyá»…n TrÃ£i,PhÆ°á»ng ThÆ°á»£ng ÄÃ¬nh,Quáº­n Thanh XuÃ¢n,HÃ  Ná»™i,33.0,325000.0,"BÃ¡n nhÃ  Ä‘Æ°á»ng Nguyá»…n TrÃ£i phÆ°á»ng ThÆ°á»£ng ÄÃ¬nh quáº­n Thanh XuÃ¢n gáº§n TTM Royal City
DT 33m2, 5 táº§ng, 3 ngá»§, chá»§ tá»± xÃ¢y vÃ i nÄƒm, thiáº¿t káº¿ hiá»‡n Ä‘áº¡i ( xem áº£nh)
Vá»‹ trÃ­ cÃ¡ch máº·t Ä‘Æ°á»ng Nguyá»…n TrÃ£i 50m, ngÃµ thÃ´ng phá»‘ Cá»± Lá»™c - ChÃ­nh Kinh
Sá»• Ä‘á» bÃ¡nh trÆ°ng. Chá»§ nhÃ  thiá»‡n chÃ­. GiÃ¡ 3 tá»· 250 triá»‡u.
LiÃªn há»‡ ngay xem nhÃ  miá»…n phÃ­
Mr Máº¡nh chuyÃªn thá»• cÆ° quáº­n Thanh XuÃ¢n",1,chung,3000,11000,á»”n Ä‘á»‹nh,hasagi,1,2021-04-29 21:44:00.230977,2021-04-29 21:44:00.231969,2021-07-14 21:44:00.231969
1,"BÃ¡n nhÃ  Tháº¡ch BÃ n 4 táº§ng, DT 31m2, Ã´ tÃ´ Ä‘á»— sÃ¡t cá»­a",1,Tá»• 16 Tháº¡ch BÃ n,PhÆ°á»ng Tháº¡ch BÃ n,Quáº­n Long BiÃªn,HÃ  Ná»™i,31.0,190000.0,"BÃ¡n nhÃ  Tháº¡ch BÃ n 4 táº§ng, DT 31m2, Ã´ tÃ´ Ä‘á»— sÃ¡t cá»­a. GiÃ¡ 1.9 tá»·.
+ Diá»‡n tÃ­ch 31m2. Máº·t tiá»n 3.8m, hÆ°á»›ng tÃ¢y nam.
+ NgÃµ trÆ°á»›c nhÃ  2.5m, cÃ¡ch 10m ra Ä‘Æ°á»ng Ã´ tÃ´.
+ NhÃ  xÃ¢y dá»±ng Ä‘Æ°á»£c gáº§n 4 nÄƒm, thiáº¿t káº¿ 3 phÃ²ng ngá»§, 4WC, phÃ²ng thá», sÃ¢n phÆ¡i.
+ Vá»‹ trÃ­ cÃ¡ch chá»£ Äá»“ng Dinh 300m, ra QL5, May 10, Tháº¡ch BÃ n chá»‰ 500m.
+ BÃ¡n kÃ­nh 500m xung quanh Ä‘áº§y Ä‘á»§ trÆ°á»ng há»c cÃ¡c cáº¥p tháº¡ch bÃ n.
+ Sá»• Ä‘á» chÃ­nh chá»§, khÃ´ng tranh cháº¥p, quy hoáº¡ch, cÃ´ng chá»©ng trong ngÃ y.
Há»— trá»£ vay ngÃ¢n hÃ ng 80% giÃ¡ trá»‹ cÄƒn nhÃ , tráº£ gÃ³p tá»« 5 - 30 nÄƒm.
LiÃªn há»‡: Mr. TÃ¹ng 0912 017 115 Ä‘á»ƒ Ä‘i xem nhÃ  trá»±c tiáº¿p vÃ  miá»…n phÃ­.",2,chung,2000,8000,CÃ³ lÃ  Ä‘Æ°á»£c,hasagi,1,2021-04-29 21:44:00.230977,2021-04-29 21:44:00.231969,2021-07-03 21:44:00.231969
2,"Äáº¥t sá»• Ä‘á» 44.5m2 phÆ°á»ng PhÃº LÆ°Æ¡ng, HÃ  ÄÃ´ng",0,ÄÆ°á»ng Trinh LÆ°Æ¡ng,PhÆ°á»ng PhÃº LÆ°Æ¡ng,Quáº­n HÃ  ÄÃ´ng,HÃ  Ná»™i,44.5,151500.0,"Dá»± Ã¡n: BÃ¡n 44,5 m2 Ä‘áº¥t á»Ÿ phÆ°á»ng PhÃº LÆ°Æ¡ng, HÃ  ÄÃ´ng.
          ThÃ´ng tin chi tiáº¿t: BÃ¡n Ä‘áº¥t sá»• Ä‘á» chÃ­nh chá»§ táº¡i phÆ°á»ng PhÃº LÆ°Æ¡ng, HÃ  ÄÃ´ng. GiÃ¡ 1,515 tá»·.
- Diá»‡n tÃ­ch; 44.5m2, 
- Máº·t tiá»n 3.62m, 
- NgÃµ trÆ°á»›c - thÃ´ng, rá»™ng 2m.
- CÃ¡ch Ä‘Æ°á»ng Ã´ tÃ´ 14m.
- Vá»‹ trÃ­ : CÃ¡ch khu Ä‘áº¥t Ä‘áº¥u giÃ¡ PhÃº LÆ°Æ¡ng 250m, gáº§n cÃ¡c tiá»‡n Ã­ch trÆ°á»ng máº§m non, tiá»ƒu há»c, chá»£ Báº¯c LÃ£m (dÆ°á»›i 500m)
Ra quá»‘c lá»™ 21B khoáº£ng 500m.",3,riÃªng,2000,11000,CÃ³ lÃ  Ä‘Æ°á»£c,hasagi,1,2021-04-29 21:44:00.230977,2021-04-29 21:44:00.231969,2021-07-17 21:44:00.231969
2,BÃ¡n cÄƒn há»™ Ä‘áº¹p táº¡i Sunshine palace,3,ÄÆ°á»ng LÄ©nh Nam,PhÆ°á»ng Mai Äá»™ng,Quáº­n HoÃ ng Mai,HÃ  Ná»™i,90.0,280000.0,"Gia Ä‘Ã¬nh cáº§n chuyá»ƒn nhÆ°á»£ng láº¡i cÄƒn há»™ 2 phÃ²ng ngá»§ full ná»™i tháº¥t nhÆ° hÃ¬nh táº¡i chung cÆ° Sunshine Palace liá»n ká» Time City
  CÄƒn há»™ 2 phÃ²ng ngá»§, 1 phÃ²ng khÃ¡ch, 1 phÃ²ng báº¿p riÃªng biá»‡t, 2 ban cÃ´ng.
  Diá»‡n tÃ­ch 90m2. 
  Táº§ng 15, view ra Park hill vÃ  cáº§u thanh trÃ¬. 
  CÄƒn há»™ Ä‘c thiáº¿t káº¿ tá»‰ má»‰ nhÆ° hÃ¬nh. 
  GiÃ¡ bÃ¡n 2ty8 bao má»i thuáº¿ phÃ­ sang tÃªn. 
  CÄƒn há»™ lÃ  chung cÆ° cao cáº¥p nÃªn ráº¥t nhiá»u tiá»‡n Ã­ch Ä‘i kÃ¨m.",1,riÃªng,2000,9000,CÃ³ lÃ  Ä‘Æ°á»£c,Gáº§n tráº¡i giam,0,2021-04-29 21:44:00.230977,2021-04-29 21:44:00.231969,2021-07-16 21:44:00.231969
1,"Máº·t Phá»‘ Hoa LÃ¢m, Kinh Doanh Äá»‰nh, 52m, Nhá»‰nh 6Tá»·",1,ÄÆ°á»ng Hoa LÃ¢m,PhÆ°á»ng Viá»‡t HÆ°ng,Quáº­n Long BiÃªn,HÃ  Ná»™i,52.0,650000.0,"+ SiÃªu Pháº©m Máº·t Phá»‘ Kinh Doanh Hoa LÃ¢m, Hiáº¿m CÃ³ KhÃ³ TÃ¬m Trong Táº§m Tiá»n.
+ Khu Vá»±c Ráº¥t Hiáº¿m NhÃ  BÃ¡n, NgÃ y CÃ ng PhÃ¡t Triá»ƒn.

+ MÃ´ Táº£:
- Phá»‘ Hoa LÃ¢m kinh doanh sáº§m uáº¥t ngÃ y Ä‘Ãªm, nhÃ  vá»‹ trÃ­ thoÃ¡ng, Ä‘áº¹p tiá»‡n Ã­ch quÃ¡ nhiá»u, TrÆ°á»ng máº§m non Hoa Quá»³nh, Tiá»ƒu há»c Viá»‡t HÆ°ng, Bá»‡nh viá»‡n Äá»©c Giang, gáº§n cÃ¡c KÄT lá»›n Viá»‡t HÆ°ng, Vinhomes Reverside, chá»£ Viá»‡t HÆ°ng, BigC Long BiÃªn cÃ¡ch 0,5 km.

+ NhÃ  chá»§ tá»± xÃ¢y ráº¥t cháº¯c cháº¯n, khÃ¡ch chá»‰ viá»‡c dá»n vá» á»Ÿ vÃ  kinh doanh.

+ Thiáº¿t káº¿:
- Táº§ng 1: Kinh doanh, PhÃ²ng khÃ¡ch, báº¿p, WC.
- Táº§ng 2: 2, 3 má»—i táº§ng 2 phÃ²ng ngá»§ + WC.
- Táº§ng 4: PhÃ²ng thá», sÃ¢n phÆ¡i.

+ Sá»• Ä‘á» Ä‘áº¹p, vuÃ´ng nhÆ° tá» A4, giao dá»‹ch nhanh chÃ³ng.

+ Vui lÃ²ng liÃªn há»‡ Mr Máº¡nh Ä‘á»ƒ Ä‘Æ°á»£c tÆ° váº¥n vÃ  xem nhÃ  miá»…n phÃ­.",2,riÃªng,2000,11000,á»”n Ä‘á»‹nh,Gáº§n tráº¡i giam,1,2021-04-29 21:44:00.230977,2021-04-29 21:44:00.231969,2021-07-12 21:44:00.231969
2,"BÃ¡n Äáº¡i Tá»«, HoÃ ng Mai 40m2*4T, MT3.5m, 3.1 tá»·.",3,ÄÆ°á»ng Äáº¡i Tá»«,PhÆ°á»ng Äáº¡i Kim,Quáº­n HoÃ ng Mai,HÃ  Ná»™i,40.0,310000.0,"+ Vá»‹ trÃ­ nhÃ  gáº§n ngay ngÃ£ 3 vÃ´ cÃ¹ng thoÃ¡ng, ngÃµ to Ã´ tÃ´ 7 chá»—, kinh doanh sáº§m uáº¥t nháº¥t Phá»‘ Äáº¡i tá»«. 
+ HÆ°á»Ÿng trá»n tiá»‡n Ã­ch KÄT  Äáº¡i Kim, AEON HoÃ ng Mai, KÄT Linh ÄÃ m, gáº§n chá»£, trÆ°á»ng há»c, siÃªu thá»‹ cÃ¡c loáº¡i.
+ NhÃ  cÃ²n má»›i Ä‘áº¹p, xÃ¢y cá»±c ká»³ cháº¯c cháº¯n. Thiáº¿t káº¿ táº§ng 2 phÃ²ng, nhÃ  vá»‡ sinh giá»¯a cÃ´ng nÄƒng ráº¥t há»£p lÃ½. 
+ Tá»•ng 4 phÃ²ng ngá»§, 3 nhÃ  vá»‡ sinh, phÃ²ng khÃ¡ch, phÃ²ng thá», sÃ¢n phÆ¡i...
+ Sá»• Ä‘á» ná»Ÿ háº­u, sáºµn sÃ ng giao dá»‹ch.
- LiÃªn há»‡:  0378.197.866 (Miá»…n tiáº¿p trung gian vÃ  MG)",4,chung,2000,11000,natB,Báº¿n xe bus,0,2021-04-29 21:44:00.230977,2021-04-29 21:44:00.231969,2021-07-05 21:44:00.231969
1,BÃ¡n cÄƒn há»™ chung cÆ° cao cáº¥p An BÃ¬nh city,3,ÄÆ°á»ng Pháº¡m VÄƒn Äá»“ng,PhÆ°á»ng Cá»• Nhuáº¿ 1,Quáº­n Báº¯c Tá»« LiÃªm,HÃ  Ná»™i,73.0,320000.0,"ğŸ’¥ğŸ’¥ğŸ’¥TUYá»†T PHáº¨M NHÃ€ Äáº¸P - XEM LÃ€ MÃŠ 

* MÃ´ táº£:
+ Chung cÆ° An BÃ¬nh náº±m trÃªn Ä‘Æ°á»ng Pháº¡m VÄƒn Äá»“ng, gáº§n bá»™ CA, diá»‡n tÃ­ch 73m, thiáº¿t káº¿ 2PN, 2 WC, 1 báº¿p, 1 khÃ¡ch.
+ Cá»­a hÆ°á»›ng B, ban cÃ´ng hÆ°á»›ng N.
+ Thiáº¿t káº¿ cá»±c Ä‘áº¹p, ná»™i tháº¥t cao cáº¥p.
+ Chá»§ nhÃ  thá»‰nh thoáº£ng má»›i qua nghá»‰ láº¡i chá»‘c lÃ¡t nÃªn nhÃ  cÃ²n ráº¥t má»›i.
+ Sá»• Ä‘á» chÃ­nh chá»§.
+ GiÃ¡ bÃ¡n 3.2 tá»·. Táº·ng full ná»™i tháº¥t.",1,khÃ´ng cÃ³,3000,11000,natD, gáº§n BV tÃ¢m tháº§n kinh,0,2021-04-29 21:44:00.230977,2021-04-29 21:44:00.231969,2021-06-29 21:44:00.231969
1,"BÃ¡n NhÃ  5 Táº§ng Cá»• Linh - Tháº¡ch BÃ n, Cáº¡nh Aeon Mall",1,ÄÆ°á»ng Cá»• Linh,PhÆ°á»ng Tháº¡ch BÃ n,Quáº­n Long BiÃªn,HÃ  Ná»™i,32.0,255000.0,"BÃ¡n NhÃ  5 Táº§ng NgÃ£ 4 Cá»• Linh - Tháº¡ch BÃ n, CÃ¡ch 1 NhÃ  NhÃ¬n Ra ÄÆ°á»ng Cá»• Linh, Aeon mall.
- Diá»‡n tÃ­ch 32.5m2, Máº·t tiá»n 4m, LÃ´ GÃ³c 2 máº·t thoÃ¡ng, CÃ³ Ä‘á»§ 2 hÆ°á»›ng lÃ  ÄÃ´ng nam vÃ  TÃ¢y báº¯c.
- NgÃµ trÆ°á»›c 3m, CÃ¡ch 100m ra ngÃ£ tÆ° cá»• linh - tháº¡ch bÃ n.
- Vá»‹ trÃ­ nhÃ  táº¡i tá»• 6 tháº¡ch bÃ n, cÃ¡ch chá»£ tháº¡ch bÃ n, Aeon mall long biÃªn chá»‰ hÆ¡n 300m, Ä‘á»‘i diá»‡n trÆ°á»ng máº§m non hoa mai, UBND phÆ°á»ng tháº¡ch bÃ n.
- NhÃ  thiáº¿t káº¿ 5 táº§ng, cÃ³ 3 phÃ²ng ngá»§, 1 phÃ²ng khÃ¡ch, báº¿p, sÃ¢n phÆ¡i, phÃ²ng thá» riÃªng biá»‡t.
- BÃ¡n KÃ­nh 500m Ä‘áº§y Ä‘á»§ tiá»‡n Ã­ch, trÆ°á»ng há»c cÃ¡c cáº¥p tháº¡ch bÃ n. LÃªn cáº§u vÄ©nh tuy chá»‰ 5p.
GiÃ¡ 2.55 Tá»· (cÃ³ thÆ°Æ¡ng lÆ°á»£ng) - Bao toÃ n bá»™ phÃ­ sang tÃªn.
LiÃªn há»‡: Mr TÃ¹ng 0912 017 115 Ä‘á»ƒ Ä‘i xem nhÃ  trá»±c tiáº¿p vÃ  miá»…n phÃ­",2,khÃ´ng cÃ³,2000,11000,natD,Gáº§n tráº¡i giam,0,2021-04-29 21:44:00.230977,2021-04-29 21:44:00.231969,2021-06-15 21:44:00.231969
1,Chung cÆ° Bright City 69mÂ² 2PN cáº§n bÃ¡n nhanh,3,ÄÆ°á»ng Quá»‘c lá»™ 32,XÃ£ Kim Chung,Huyá»‡n HoÃ i Äá»©c,HÃ  Ná»™i,69.0,115000.0,"TÃ´i cáº§n bÃ¡n CHCC sá»‘ 2310 thuá»™c tÃ²a thÆ°Æ¡ng máº¡i A1.2  Thuá»™c khu Bright City cáº¡nh Ä‘Æ°á»ng 32. Dt 69m2, 2pn, pk, vá»‡ sinh, ban cÃ´ng Ä‘Ã´ng nam. Dá»± Ã¡n nÃ y Ä‘Ã£ bÃ n giao, dÃ¢n cÆ° vá» á»Ÿ Ä‘Ã´ng. Giao thÃ´ng vá» trung tÃ¢m vÃ´ cÃ¹ng thuáº­n lá»£i. Gáº§n  nhiá»u trÆ°á»ng Äáº¡i há»c. HoÃ i Äá»©c sáº¯p lÃªn quáº­n, háº¡ táº§ng Ä‘áº§u tÆ° lá»›n.
TÃ´i cáº§n gom tiá»n mua nhÃ  cho con á»Ÿ Tp Hcm nÃªn cáº§n bÃ¡n nhanh.
GiÃ¡ há»¯u nghá»‹ 16,5 tr/m2.",1,khÃ´ng cÃ³,2000,8000,natB,Gáº§n hÆ¡n ngÆ°á»i yÃªu báº¡n,0,2021-04-29 21:44:00.230977,2021-04-29 21:44:00.231969,2021-06-19 21:44:00.231969
2,"BÃ¡n nhÃ  ngÃµ Gá»‘c Äá», Minh Khai, HÃ  Ná»™i S=37.1m2, SÄ",1,ÄÆ°á»ng NgÃµ Gá»‘c Äá»,PhÆ°á»ng HoÃ ng VÄƒn Thá»¥,Quáº­n HoÃ ng Mai,HÃ  Ná»™i,37.1,295000.0,"Dá»± Ã¡n: BÃ¡n nhÃ  ngÃµ Gá»‘c Äá», Minh Khai, HÃ  Ná»™i S=37.1m2, SÄCC.
          ThÃ´ng tin chi tiáº¿t: ChÃ­nh chá»§ cáº§n bÃ¡n gáº¥p NhÃ  diá»‡n tÃ­ch S = 37.1m2 táº¡i ngÃµ Gá»‘c Äá», Minh Khai, HÃ  Ná»™i
- 4 táº§ng, 1 phÃ²ng thá», sÃ¢n phÆ¡i, 4 phÃ²ng ngá»§, 3 WC, phÃ²ng khÃ¡ch, báº¿p Ä‘áº§y Ä‘á»§.
- Cáº§u thang, lan can, báº¿p lÃ m tá»« gá»— thá»‹t cháº¥t lÆ°á»£ng.
- Tráº§n tháº¡ch cao, Ä‘Ã¨n led.
- Thiáº¿t káº¿ há»£p lÃ½ cÃ³ giáº¿ng trá»i, ban cÃ´ng Ä‘áº§y Ä‘á»§.

Vá»‹ trÃ­ táº¡i Ä‘áº¹p nháº¥t quáº­n HoÃ ng Mai giÃ¡p vá»›i Ä‘Æ°á»ng Minh Khai, quáº­n Hai BÃ  TrÆ°ng, HÃ  Ná»™i.
Gia chá»§ Ä‘á»ƒ láº¡i toÃ n bá»™ ná»™i tháº¥t: Äiá»u hÃ²a, tá»§ báº¿p, bÃ n Äƒn, giÆ°á»ng...
GiÃ¡: 2,95 tá»· (cÃ³ thÆ°Æ¡ng lÆ°á»£ng).
Bao sang tÃªn sá»• Ä‘á».
LiÃªn há»‡ ngay Ä‘á»ƒ xem nhÃ  miá»…n phÃ­.",3,khÃ´ng cÃ³,2000,10000,Nhanh hÆ¡n cÃ¡ch ngÆ°á»i yÃªu cÅ© trá»Ÿ máº·t, gáº§n BV tÃ¢m tháº§n kinh,0,2021-04-29 21:44:00.230977,2021-04-29 21:44:00.231969,2021-06-27 21:44:00.231969
1,Chung cÆ° OCT5a-KDT Resco Cá»• Nhuáº¿ cÄƒn 3pn-80m2,3,ÄÆ°á»ng Pháº¡m VÄƒn Äá»“ng,PhÆ°á»ng Cá»• Nhuáº¿ 2,Quáº­n Báº¯c Tá»« LiÃªm,HÃ  Ná»™i,80.0,198000.0,"ThÃ´ng tin chi tiáº¿t

ChÃ­nh chá»§ bÃ¡n cÄƒn há»™ tÃ²a nhÃ  OCT5A chung cÆ° Resco, Ä‘Æ°á»ng Pháº¡m VÄƒn Äá»“ng, PhÆ°á»ng Cá»• Nhuáº¿ 2, Quáº­n Báº¯c Tá»« LiÃªm, HN. NhÃ  á»Ÿ xÃ¢y dá»±ng cho cÃ¡n bá»™, nhÃ¢n viÃªn cÆ¡ quan cÃ¡c ban Äáº£ng, thÃ nh á»§y vÃ  HÄND TP. HÃ  Ná»™i nÃªn cÃ´ng trÃ¬nh ráº¥t Ä‘áº£m báº£o cháº¥t lÆ°á»£ng.

Diá»‡n tÃ­ch thÃ´ng thá»§y 80 m2, Ä‘Æ°á»£c thiáº¿t káº¿ cÃ³ 3 phÃ²ng ngá»§, 2 nhÃ  vá»‡ sinh, 1 phÃ²ng khÃ¡ch + 1 khu báº¿p. Cá»­a hÆ°á»›ng chÃ­nh Báº¯c, logia hÆ°á»›ng Nam, lÃ  cÄƒn Ä‘Ã³n giÃ³ Nam vÃ o nhÃ .


- An ninh tá»‘t, ra vÃ o báº±ng tháº» tá»«, camera an ninh giÃ¡m sÃ¡t 24/24 (cáº£ trong thang mÃ¡y), cÃ¡ch trá»¥ sá»Ÿ CA phÆ°á»ng Cá»• Nhuáº¿ 2 200m.

- Khu nhÃ  cÃ³ bá»ƒ váº§y cho tráº» em, dÆ°á»›i chÃ¢n tÃ²a nhÃ  cÃ³ siÃªu thá»‹, trÆ°á»ng máº§m non, cÃ³ khuÃ´n viÃªn táº­p thá»ƒ thao; gáº§n trÆ°á»ng THCS Cá»• Nhuáº¿ 2, Ä‘á»‘i diá»‡n cÃ´ng viÃªn HÃ²a BÃ¬nh... Giao thÃ´ng ráº¥t thuáº­n lá»£i, Ä‘á»‘i diá»‡n cÃ´ng viÃªn HÃ²a BÃ¬nh (cÃ³ há»“ Ä‘iá»u hÃ²a), gáº§n báº¿n xe Nam ThÄƒng Long, Ä‘Æ°á»ng Pháº¡m VÄƒn Äá»“ng Ä‘ang má»Ÿ rá»™ng, thuáº­n tiá»‡n ra sÃ¢n bay, vÃ o trung tÃ¢m thÃ nh phá»‘, Ä‘Æ°á»ng Nguyá»…n VÄƒn HuyÃªn kÃ©o dÃ i sáº¯p thÃ´ng Ä‘Æ°á»ng...

- Sá»• Ä‘á» chÃ­nh chá»§ vÄ©nh viá»…n, khÃ´ng pháº£i loáº¡i 50 nÄƒm.

- GiÃ¡ bÃ¡n 1.98 tá»·

LH: 0944.63.9933",1,khÃ´ng cÃ³,2000,11000,Nhanh hÆ¡n cÃ¡ch ngÆ°á»i yÃªu cÅ© trá»Ÿ máº·t,Gáº§n tráº¡i giam,1,2021-04-29 21:44:00.230977,2021-04-29 21:44:00.231969,2021-06-24 21:44:00.231969
2,"BÃ¡n nhÃ  HoÃ ng Quá»‘c Viá»‡t,DT39M,5T,Nhá»‰nh 3,95 tá»·.",1,ÄÆ°á»ng HoÃ ng Quá»‘c Viá»‡t,PhÆ°á»ng NghÄ©a TÃ¢n,Quáº­n Cáº§u Giáº¥y,HÃ  Ná»™i,39.0,395000.0,"NhÃ  cÃ¡ch MP HoÃ ng Quá»‘c Viá»‡t 100M, vá»‰a hÃ¨ rá»™ng thÃªnh thang oto Ä‘á»ƒ thoáº£i mÃ¡i. NhÃ  thiáº¿t káº¿ xÃ¢y 5 táº§ng, táº§ng 1 Ä‘á»ƒ xem,phÃ²ng khÃ¡ch,báº¿p,vá»‡ sinh.Táº§ng 2,3,4 má»—i táº§ng 1 phÃ²ng ngá»§, táº§ng 5 phÃ²ng thá» sÃ¢n phÆ¡i.NhÃ  Ä‘áº¹p, an sinh tá»‘t.Sá»• Ä‘á» chÃ­nh chá»§.LH mr hiá»n.",1,chung,2000,8000,Nhanh hÆ¡n cÃ¡ch ngÆ°á»i yÃªu cÅ© trá»Ÿ máº·t,Gáº§n hÆ¡n ngÆ°á»i yÃªu báº¡n,1,2021-04-29 21:44:00.230977,2021-04-29 21:44:00.231969,2021-06-21 21:44:00.231969
1,máº£nh Ä‘áº¥t 60m2 vuÃ´ng váº¯n Ä‘Æ°á»ng oto trÃ¡nh nhau,0,ÄÆ°á»ng DÃ¢n Sinh,Thá»‹ tráº¥n Quang Minh,Huyá»‡n MÃª Linh,HÃ  Ná»™i,60.0,150000.0,"Gia Ä‘Ã¬nh cáº§n bÃ¡n lÃ´ Ä‘áº¥t 60m2 táº¡i tá»• 10 thá»‹ tráº¥n Quang Minh, MÃª Linh, HÃ  Ná»™i,
Diá»‡n tÃ­ch60m2, máº·t tiá»n háº­u 4.5m vuÃ´ng váº¯n, Ä‘Æ°á»ng hÆ¡n 5m náº±m trÃªn trá»¥c chÃ­nh cá»§a lÃ ng, Ã´ tÃ´ trÃ¡nh nhau, Ä‘áº§u tÆ° hay Ä‘á»ƒ á»Ÿ Ä‘á»u Ä‘áº¹p

- Vá»‹ trÃ­ Ä‘áº¯c Ä‘á»‹a ngay sÃ¡t khu cÃ´ng nghiá»‡p Quang Minh 2 sáº¯p khá»Ÿi cÃ´ng. 
cÃ¡ch Ä‘Æ°á»ng 24m trá»¥c vÃ o khu cÃ´ng nghiá»‡p quang minh giai Ä‘oáº¡n 2 100m.
- CÃ¡ch chá»£ 250m
- CÃ¡ch Ä‘Æ°á»ng trá»¥c chÃ­nh MÃª Linh rá»™ng 100m2 chá»‰ 500m.
- CÃ¡ch sÃ¢n bay ná»™i bÃ i 15p.
- Gáº§n ngay cÃ´ng viÃªn truyá»n thÃ´ng 15p Ä‘i xe.
- SÃ¡t ngay khu cÃ´ng nghiá»‡p quang minh, 5p Ä‘i xe.
- Gáº§n khu cÃ´ng nghiá»‡p báº¯c ThÄƒng Long ná»™i bÃ i chá»‰ 15p Ä‘i xe.
- Gáº§n biá»‡t thá»± hoa há»“ng, khu Ä‘Ã´ thá»‹ hÃ  phong, Cienco5.
- CÃ¡ch cáº§u ThÄƒng Long 15p.
- Di chuyá»ƒn vÃ o Cáº§u Giáº¥y chá»‰ 25p.

Máº£nh Ä‘áº¥t Ä‘áº¹p tiá»m nÄƒng sinh lá»i cao.
PhÃ¡p lÃ½ chÃ­nh chá»§ sáºµn sÃ ng
KHÃ´ng tiáº¿p mÃ´i giá»›i,  LH O chÃ­n tam tam chin bon hai bay chin nam",1,riÃªng,2000,11000,CÃ³ lÃ  Ä‘Æ°á»£c,Gáº§n hÆ¡n ngÆ°á»i yÃªu báº¡n,1,2021-04-29 21:44:00.230977,2021-04-29 21:44:00.231969,2021-06-20 21:44:00.231969
2,BÃ¡n nhÃ  siÃªu ráº» 750 triá»‡u,3,ÄÆ°á»ng ThÆ°á»£ng ÄÃ¬nh,PhÆ°á»ng ThÆ°á»£ng ÄÃ¬nh,Quáº­n Thanh XuÃ¢n,HÃ  Ná»™i,30.0,250000.0,"BÃ¡n nhÃ  cc mini giÃ¡ siÃªu ráº», siÃªu xinh, 30m , náº±m ngay máº·t Ä‘Æ°á»ng , dc 22 thÆ°á»£ng Ä‘Ã¬nh , giÃ¡ yÃªu thÆ°Æ¡ng cho nhá»¯ng Ä‘Ã´i yÃªu nhau 750 triá»‡u , sá»• Há»“ng Ä‘áº§y Ä‘á»§, bao cÃ´ng chá»©ng sang tÃªn, full nÃ´i tháº¥t vÃ o chá»‰ viá»‡c á»Ÿ",3,riÃªng,3000,11000,á»”n Ä‘á»‹nh,Gáº§n hÆ¡n ngÆ°á»i yÃªu báº¡n,0,2021-04-29 21:44:00.230977,2021-04-29 21:44:00.231969,2021-07-03 21:44:00.231969
2,"BÃ¡n Ä‘áº¥t sá»• Ä‘á» chÃ­nh chá»§ 52,3m xÃ³m 4 háº£i bá»‘i",0,XÃ³m 4 Háº£i Bá»‘i,XÃ£ Háº£i Bá»‘i,Huyá»‡n ÄÃ´ng Anh,HÃ  Ná»™i,52.3,270000.0,"Gia Ä‘Ã¬nh cÃ³ viá»‡c lÃªn cáº§n bÃ¡n máº£nh Ä‘áº¥t sá»• Ä‘á» chÃ­nh chá»§,phÃ¡p lÃ½ sáº¡ch rÃµ rÃ ng .Giao thÃ´ng thuáº­n tiá»‡n Ä‘i cáº§u nháº­t tÃ¢n vÃ  cáº§u thÄƒng long.kt 52,3m2 .mt 5,23m.sÃ¢u 10,2m.ngÃµ vÃ o gáº§n 4m.Ä‘áº¿n táº­n sÃ¡t máº£nh Ä‘áº¥t.Ä‘Æ°á»ng trÆ°á»›c Ä‘áº¥t lÃ  2,7m.Äá»‹a chá»‰ táº¡i xÃ³m 4 thÃ´n háº£i bá»‘i ,giÃ¡ há»£p lÃ½.Ace cÃ³ nhu cáº§u liÃªn há»‡ em Trung Ä‘á»ƒ xem Ä‘áº¥t vÃ  giÃ¡ áº¡.",4,khÃ´ng cÃ³,2000,10000,natB,hasagi,1,2021-04-29 21:44:00.230977,2021-04-29 21:44:00.231969,2021-06-18 21:44:00.231969
2,NhÃ  Äáº·ng VÄƒn Ngá»¯ 33mÂ²,1,ÄÆ°á»ng XÃ£ ÄÃ n,PhÆ°á»ng Kim LiÃªn,Quáº­n Äá»‘ng Äa,HÃ  Ná»™i,33.0,340000.0,"BÃ¡n nhÃ  ngÃµ 6/31/5 Äáº·ng VÄƒn Ngá»¯, XÃ£ ÄÃ n. Gáº§n Há»“ Äáº¯c Di. Khu chia lÃ´ cÃ³ cá»•ng cá»­a sÃ¢n trÆ°á»›c sau. NhÃ  khung bÃª tÃ´ng kiÃªn cá»‘ xÃ¢y kiá»ƒu biá»‡t thá»± liá»n ká». Thiáº¿t káº¿ hiá»‡n Ä‘áº¡i. 33mx4,5 táº§ng. HÆ°á»›ng TÃ¢y Nam. Sá»• Ä‘á» chÃ­nh chá»§.",2,chung,3000,8000,á»”n Ä‘á»‹nh, gáº§n BV tÃ¢m tháº§n kinh,0,2021-04-29 21:44:00.230977,2021-04-29 21:44:00.231969,2021-07-02 21:44:00.231969
2,Cáº§n bÃ¡n nhÃ  máº·t ngÃµ 179 VÄ©nh hÆ°ng,1,ÄÆ°á»ng TÃ¢n Khai,PhÆ°á»ng VÄ©nh HÆ°ng,Quáº­n HoÃ ng Mai,HÃ  Ná»™i,25.0,650000.0,"Gia Ä‘Ã¬nh cáº§n bÃ¡n nhÃ  ngÃµ 179 VÄ©nh HÆ°ng , ngÃµ 5m trÆ°á»›c cá»­a nhÃ  thÃ´ng tá»© tung oto Ä‘i láº¡i , xe nhá» nhÆ° kia morning lÃ¹i vÃ o thoáº£i mÃ¡i . hiá»‡n tráº¡ng Ä‘ang lÃ  nhÃ  cáº¥p 4 gÃ¡c xÃ©p . Xung quanh lÃ  khu dÃ¢n cÆ° á»•n Ä‘á»‹nh , hÃ ng xÃ³m Ä‘Ã£ xÃ¢y nhÃ  cao táº§ng gáº§n Ä‘Ã³ . nhÃ  Ä‘Ã³ng thuáº¿ Ä‘áº¥t Ä‘áº§y Ä‘á»§ .
cáº§n tiá»n gáº¥p nÃªn bÃ¡n lá»— vá»›i giÃ¡ 650tr",1,khÃ´ng cÃ³,2000,9000,á»”n Ä‘á»‹nh,Gáº§n hÆ¡n ngÆ°á»i yÃªu báº¡n,0,2021-04-29 21:44:00.230977,2021-04-29 21:44:00.231969,2021-06-26 21:44:00.231969
2,BÃ¡n nhÃ  riÃªng Láº¡c Long QuÃ¢n - DT 54m2 - 4.79tá»·,1,ÄÆ°á»ng Láº¡c Long QuÃ¢n,PhÆ°á»ng NghÄ©a ÄÃ´,Quáº­n Cáº§u Giáº¥y,HÃ  Ná»™i,54.0,47900.0,"ChiÌnh chuÌ‰ á»Ÿ Ä‘áº¥t vÆ°á»£ng, khu vá»±c an toÃ n yÃªn tÄ©nh bao nÄƒm, nay thay Ä‘á»•i má»¥c Ä‘Ã­ch muá»‘n chuyá»ƒn nhÃ  máº·t ngÃµ kinh doanh nÃªn Ä‘Ã nh bÃ¡n cÄƒn nhÃ  bao tÃ¢m huyáº¿t:
+ Vá»‹ trÃ­: Náº±m trong ngÃµ 89 Láº¡c long QuÃ¢n, 30m ra Ä‘Æ°á»ng vÃ nh Ä‘ai 2 vÃ  VÃµ chÃ­ CÃ´ng, 100m ra há»“ tÃ¢y. 
+ NhaÌ€ saÌt Ä‘uÌ›oÌ›Ì€ng to 2 oÌ‚ toÌ‚ traÌnh nhau thoaÌ‰i maÌi. Xe ba gÃ¡c vÃ o nhÃ .

+ ThieÌ‚Ìt keÌ‚Ì 5 taÌ‚Ì€ng 5 ngá»§ khÃ©p kÃ­n, vá»‡ sinh trong phÃ²ng.
PhÃ²ng khÃ¡ch Ä‘áº©y xuá»‘ng táº§ng 1 vÃ  cáº£i táº¡o phÃ²ng thá», phÃ²ng mÃ¡y giáº·t thÃ¬ cÃ³ luÃ´n 7 ngá»§, cÃ³ thá»ƒ cho thuÃª.
+ NhÃ  thiáº¿t káº¿ cháº¯c cháº¯n, hiá»‡n Ä‘áº¡i.

+ Äá»‘i diá»‡n cá»­a khÃ´ng cÃ³ nhÃ  xung quanh, khÃ´ng xung nÄƒng lÆ°á»£ng, hiáº¿m cÃ³.

+ Chá»§ mua khung nhÃ  má»›i 100 triá»‡u/m2 tá»« 2013 lÃ  5.35 tá»·, cá»™ng 400 triá»‡u tu sá»­a tuy nhiÃªn muá»‘n bÃ¡n gáº¥p vá»›i giÃ¡ Ä‘á»ƒ Ä‘áº§u tÆ° kinh doanh.

+ SoÌ‚Ì‰ Ä‘oÌ‰ chiÌnh chuÌ‰.",3,khÃ´ng cÃ³,3000,11000,CÃ³ lÃ  Ä‘Æ°á»£c,Gáº§n tráº¡i giam,0,2021-04-29 21:44:00.230977,2021-04-29 21:44:00.231969,2021-06-17 21:44:00.231969
2,BÃN NHÃ€ 323 XUÃ‚N Äá»ˆNH THÃ”NG NGOáº I GIAO ÄOÃ€N 3.8 Tá»¶,1,ÄÆ°á»ng XuÃ¢n Äá»‰nh,PhÆ°á»ng XuÃ¢n La,Quáº­n TÃ¢y Há»“,HÃ  Ná»™i,50.0,380000.0,"BÃ¡n nhÃ  thÃ´ng sang ngoáº¡i giao ÄoÃ n. CÃ¡ch 15m Ä‘Æ°á»ng Ã´ tÃ´
 - 50m ra ngoáº¡i giao Ä‘oÃ n. KHU Vá»°C ÄÃNG Sá»NG Báº¬C NHáº¤T.
 * FULL Ná»˜I THáº¤T Xá»ŠN - KHÃCH Äáº¾N LÃ€ á» NGAY NHÃ€ THIáº¾T Káº¾ THÃ”NG SÃ€N
 - THOÃNG SÃNG Tá»° NHIÃŠN XÃ‚Y NÄ‚M 2018. CHá»¦ NHÃ€ MÆ I RA Máº¶T PHá» THAY Äá»”I NHU Cáº¦U BÃN. * 70 tr cáº£ nhÃ  cáº£ Ä‘áº¥t - kiáº¿m Ä‘Ã¢u ra cÄƒn thá»© 2 ... SIÃŠU PHáº¨M Cá»°C Äáº¸P- 15M RA Ã” TÃ” - NGÃ• 355 Ã” TÃ” TRÃNH - NHÃ€ Má»šI - Sá»” SIÃŠU Äáº¸P
 - CHá»¦ LÃ m Äƒn lá»™c lÃ¡ GIÃ CHá»T Báº¤T NGá»œ!!!!!!! ğŸ’¥ - NgÃµ 355 XuÃ¢n Äá»‰nh Ã´ tÃ´ trÃ¡nh, nhÃ  cÃ¡ch máº·t ngÃµ chá»‰ 15m. SIÃŠU Äáº¸P. âœï¸HÆ°á»›ng: ÄÃ”NG GHÃ‰ Báº®C ----------------------
 Thiáº¿t káº¿:
 Táº§ng 1: KhÃ¡ch, báº¿p, wc
 Táº§ng 2,3,: Má»—i táº§ng 1 PN, WC. 
Táº§ng 4: SÃ¢n phÆ¡i phÃ²ng thá».",2,chung,2000,8000,á»”n Ä‘á»‹nh,Gáº§n hÆ¡n ngÆ°á»i yÃªu báº¡n,0,2021-04-29 21:44:00.230977,2021-04-29 21:44:00.231969,2021-07-10 21:44:00.231969
1,"NhÃ  BÃ¡t Khá»‘i DT 30m2 x 4 táº§ng, Ã´ tÃ´ Ä‘á»— cá»­a. 1.82tá»·",1,BÃ¡t Khá»‘i,PhÆ°á»ng Cá»± Khá»‘i,Quáº­n Long BiÃªn,HÃ  Ná»™i,32.0,182000.0,"BÃ¡n NhÃ  BÃ¡t Khá»‘i, Long BiÃªn, DT 30m2 x 4 táº§ng, Ã´ tÃ´ Ä‘á»— cá»­a. GiÃ¡ tá»« 1.82 tá»·.
+ Diá»‡n tÃ­ch: 30 - 35m2. Máº·t tiá»n 4m. HÆ°á»›ng ÄÃ´ng Nam, TÃ¢y Nam.
+ NgÃµ trÆ°á»›c nhÃ  3m, ngÃµ thÃ´ng Ã´ tÃ´ Ä‘á»— cá»­a.
+ NhÃ  xÃ¢y thiáº¿t káº¿ 4 táº§ng, 3 phÃ²ng ngá»§, báº¿p, phÃ²ng Äƒn + phÃ²ng thá».
+ Vá»‹ trÃ­ táº¡i phÆ°á»ng Cá»± Khá»‘i, Long BiÃªn, bÃ¡n kÃ­nh 500m Ä‘áº§y Ä‘á»§ chá»£, trÆ°á»ng há»c cÃ¡c cáº¥p.
+ LÃªn cáº§u Thanh TrÃ¬, Ä‘i Vin Gia LÃ¢m, LÃ€ng Gá»‘m BÃ¡t TrÃ ng chá»‰ 5p Ä‘i xe.
+ Sá»• Ä‘á» chÃ­nh chá»§, cÃ´ng chá»©ng Ä‘Æ°á»£c ngay.
GiÃ¡ 1.82 tá»· (cÃ³ thÆ°Æ¡ng lÆ°á»£ng - bao phÃ­ sang sá»•).
Há»— trá»£ vay tráº£ gÃ³p lÃªn tá»›i 80% giÃ¡ trá»‹ cÄƒn nhÃ .
LiÃªn há»‡: Mr TÃ¹ngÄ‘á»ƒ Ä‘i xem nhÃ  trá»±c tiáº¿p vÃ  miá»…n phÃ­ mÃ´i giá»›i",3,chung,3000,8000,á»”n Ä‘á»‹nh,Gáº§n tráº¡i giam,0,2021-04-29 21:44:00.230977,2021-04-29 21:44:00.231969,2021-07-08 21:44:00.231969
2,"ToÃ  cÄƒn há»™ dá»‹ch vá»¥, ccmn, Tráº§n Quá»‘c VÆ°á»£ng 73m2,22P",1,ÄÆ°á»ng Tráº§n Quá»‘c VÆ°á»£ng,PhÆ°á»ng Dá»‹ch Vá»ng Háº­u,Quáº­n Cáº§u Giáº¥y,HÃ  Ná»™i,73.0,1550000.0,"Hiáº¿m, toÃ  cÄƒn há»™ dá»‹ch vá»¥, ccmn, Tráº§n Quá»‘c VÆ°á»£ng 73m2, 22 phÃ²ng, 15.5 tá»·.

MÃ´ táº£: 
+ ToÃ  nhÃ  á»Ÿ vá»‹ trÃ­ nhu cáº§u cho thuÃª cá»±c cao, luÃ´n kÃ­n phÃ²ng. NgÃµ rá»™ng thÃ´ng kháº¯p ngáº£.
+ ToÃ  nhÃ  8 táº§ng cÃ²n má»›i thiáº¿t káº¿ 22 phÃ²ng khÃ©p kÃ­n, cÃ³ thá»ƒ cáº£i táº¡o thÃªm 2 phÃ²ng vÃ  táº§ng 1 cho thuÃª kinh doanh.
+ ToÃ  nhÃ  Ä‘Ã£ cÃ³ há»£p Ä‘á»“ng thuÃª 5 nÄƒm 85tr/ thÃ¡ng. DÃ²ng tiá»n ráº¥t tá»‘t.
+ Sá»• Ä‘á» ná»Ÿ háº­u, chÃ­nh chá»§ sáºµn sÃ ng giao dá»‹ch.

+ Cáº£m Æ¡n quÃ½ khÃ¡ch Ä‘Ã£ tin tÆ°á»Ÿng vÃ o Hungsmile Ä‘á»ƒ Ä‘Æ°á»£c nhÆ° Ã½.
- NÄƒm TÃ¢n Sá»­u, Hungsmile sáº½ cÃ y nhÆ° trÃ¢u Ä‘á»ƒ phá»¥c vá»¥ quÃ½ khÃ¡ch hÃ ng.
- QuÃ½ khÃ¡ch cÃ³ nhu cáº§u mua nhÃ , bÃ¡n nhÃ , Ä‘áº¥t thá»• cÆ° HÃ  Ná»™i, trá»‹ giÃ¡ tá»« 2 tá»·-> 1000 tá»·, xin liÃªn há»‡: 
- Hungsmile xin Ä‘Æ°á»£c phá»¥c vá»¥ 24/7.

#Hungsmile",4,chung,2000,10000,natD,hasagi,0,2021-04-29 21:44:00.230977,2021-04-29 21:44:00.231969,2021-07-08 21:44:00.231969
2,BÃ¡n nhÃ  ngÃ£ 4 LÃª VÄƒn LÆ°Æ¡ng - Khuáº¥t Duy Tiáº¿n,1,14 VÅ© Há»¯u,PhÆ°á»ng NhÃ¢n ChÃ­nh,Quáº­n Thanh XuÃ¢n,HÃ  Ná»™i,53.0,990000.0,"BÃ¡n nhÃ  ngÃµ 14 VÅ© Há»¯u (cÅ©ng lÃ  36 Tá»‘ Há»¯u), NhÃ¢n ChÃ­nh, Thanh XuÃ¢n - HÃ  Ná»™i.

CÄƒn nhÃ  Ä‘áº¹p nháº¥t trong khoáº£ng giÃ¡ dÆ°á»›i 10 tá»· vá»‹ trÃ­ giao thoa trung tÃ¢m thÃ nh phá»‘.

Vá»‹ trÃ­ máº·t ngÃµ 2 xe táº£i trÃ¡nh nhau, Ã´ tÃ´ Ä‘á»— ngÃ y Ä‘Ãªm.
NhÃ  cÃ¡ch máº·t Ä‘Æ°á»ng Tá»‘ Há»¯u 100m, cÃ¡ch ngÃ£ 4 LÃª VÄƒn LÆ°Æ¡ng giao Khuáº¥t Duy Tiáº¿n 200m.
Diá»‡n tÃ­ch nhÃ  táº§ng 1: 53m2 theo sá»•.
Tá»« táº§ng 2 - 5: 57m2.
Thiáº¿t káº¿ thÃ´ng sÃ n cÃ¡c táº§ng, cáº§u thang cuá»‘i hÃ nh lang, cÃ³ Ã´ chá» thang mÃ¡y.
NhÃ  má»›i xÃ¢y Ä‘Æ°á»£c 2 nÄƒm, cÃ³ thá»ƒ xÃ¢y lÃªn 7 táº§ng thiáº¿t káº¿ thoÃ¡ng rá»™ng khÃ´ng ngÄƒn phÃ²ng. PhÃ¹ há»£p Ä‘á»ƒ á»Ÿ káº¿t há»£p kinh doanh online, vÄƒn phÃ²ng.
Khu táº­p thá»ƒ cÃ¡n bá»™ trÆ°á»ng HV PhÃ²ng ChÃ¡y, dÃ¢n trÃ­ cao.
NgÃµ cá»¥t, yÃªn tÄ©nh. Ã” tÃ´ ra vÃ o thoáº£i mÃ¡i 2 chiá»u.

Hiá»‡n táº¡i tÃ´i Ä‘ang bÃ¡n ná»™i tháº¥t vÃ  trÆ°ng bÃ y sáº£n pháº©m táº¡i táº§ng 1 vÃ  táº§ng 2, tÃ´i cÃ³ up kÃ¨m áº£nh trÆ°á»›c khi tÃ´i Ä‘á»ƒ hÃ ng Ä‘á»ƒ dá»… hÃ¬nh dung.",2,khÃ´ng cÃ³,2000,10000,CÃ³ lÃ  Ä‘Æ°á»£c,hasagi,1,2021-04-29 21:44:00.230977,2021-04-29 21:44:00.231969,2021-06-22 21:44:00.231969
1,CÄƒn Há»™ CC 173 XuÃ¢n Thá»§y Cáº§u Giáº¥y HN,3,ÄÆ°á»ng XuÃ¢n Thá»§y,PhÆ°á»ng Dá»‹ch Vá»ng Háº­u,Quáº­n Cáº§u Giáº¥y,HÃ  Ná»™i,109.4,290000.0,"Cáº§n bÃ¡n cÄƒn há»™ 702 ThÃ¡p B tÃ²a cc 173 XuÃ¢n thá»§y Cáº§u Giáº¥y , Vá»‹ trÃ­ vÃ´ cÃ¹ng thuáº­n lá»£i ngay máº·t phá»‘ XuÃ¢n thá»§y Ä‘á»‘i diá»‡n ÄH SÆ° pháº¡m , ÄH Quá»‘c Gia.
CÄƒn há»™ gá»“m 3 phÃ²ng ngá»§ , 2 WC , phÃ²ng khÃ¡ch , báº¿p. Diá»‡n tÃ­ch 109,4m2 ná»™i tháº¥t Ä‘Ã£ thiáº¿t káº¿ láº¡i , Ä‘áº§y Ä‘á»§ toÃ n hÃ ng cháº¥t lÆ°á»£ng , khÃ¡ch mua vá» á»Ÿ ngay. Cá»­a vÃ o hÆ°á»›ng Nam, ban cÃ´ng ÄÃ´ng Báº¯c.
Sá»• Ä‘á» sáºµn giao dá»‹ch. QuÃ½ khÃ¡ch cÃ³ nhu cáº§u xin liÃªn há»‡ . Thanh Háº±ng",4,chung,2000,10000,á»”n Ä‘á»‹nh,Gáº§n tráº¡i giam,0,2021-04-29 21:44:00.230977,2021-04-29 21:44:00.231969,2021-07-10 21:44:00.231969
1,máº·t phá»‘ - máº·t tiá»n 6m - ná»Ÿ háº­u -  thanh xuÃ¢n,3,ÄÆ°á»ng Quan NhÃ¢n,PhÆ°á»ng ThÆ°á»£ng ÄÃ¬nh,Quáº­n Thanh XuÃ¢n,HÃ  Ná»™i,33.0,930000.0,"Máº·t Phá»‘, lÃ´ gÃ³c 3 máº·t thoÃ¡ng, máº·t tiá»n khá»§ng 6m, ná»Ÿ háº­u, kinh doanh Ä‘á»‰nh.
Hiá»‡n lÃ  2 táº§ng cÅ©, Ä‘ang cho thuÃª giá»¯ nhÃ  12tr/thÃ¡ng.
Vá»‹ trÃ­ Ä‘áº¹p, cÃ¡ch Phá»‘ má»›i VÅ© Trá»ng Phá»¥ng 100m, gáº§n trÆ°á»ng, chá»£, tiá»‡n Ã­ch má»i nÆ¡i. ThÃ­ch há»£p lÃ m NhÃ  hÃ ng, nhÃ  thuá»‘c, siÃªu thá»‹, trung tÃ¢m ngoáº¡i nghá»¯....
Sá»• Ä‘áº¹p, chÃ­nh chá»§
liÃªn há»‡ :0856.817.888 ( ÄÄƒng)",3,khÃ´ng cÃ³,3000,11000,Nhanh hÆ¡n cÃ¡ch ngÆ°á»i yÃªu cÅ© trá»Ÿ máº·t,hasagi,0,2021-04-29 21:44:00.230977,2021-04-29 21:44:00.231969,2021-07-02 21:44:00.231969
1,"Máº·t ÄÆ°á»ng KD LuÃ´n, BÃ¡n Gáº¥p Trong Tuáº§n 70m2 Äáº¡i Ãng",0,ÄÆ°á»ng 70,XÃ£ Äáº¡i Ã¡ng,Huyá»‡n Thanh TrÃ¬,HÃ  Ná»™i,70.0,180000.0,"Máº·t ÄÆ°á»ng Kinh Doanh LuÃ´n, Gáº§n Chá»£ ChÃ­nh, BÃ¡n Gáº¥p Trong Tuáº§n 70m2, Äáº¡i Ãng - Thanh TrÃ¬. GIÃ Ráºº Mua LÃ£i Ngay

* Diá»‡n tÃ­ch: 70m2.
+ Ngay cáº¡nh chá»£ chÃ­nh Äáº¡i Ãng.
+ ÄÆ°á»ng rá»™ng Ã´  tÃ´ trÃ¡nh nhau vÃ o thoáº£i mÃ£i.

* Vá»‹ trÃ­ náº±m táº¡i trung tÃ¢m LÃ ng Äáº¡i Ãng, gáº§n há»“, dÃ¢n cÆ° Ä‘Ã´ng Ä‘Ãºc, hÃ ng xÃ³m thÃ¢n thiá»‡n, an ninh cá»±c tá»‘t. Gáº§n cÃ¡c trÆ°á»ng há»c tiá»‡n cho viá»‡c há»c cá»§a con cÃ¡i.
+ Giao thÃ´ng thuáº­n tiá»‡n dá»… dÃ ng káº¿t ná»‘i cÃ¡c khu vá»±c: ÄÆ°á»ng 70, Quá»‘c Lá»™ 1A, báº¿n xe NÆ°á»›c Ngáº§m, báº¿n xe GiÃ¡p BÃ¡t...

* PhÃ¡p lÃ½: Sá»• Ä‘á» thá»• cÆ° 100%.
* PhÃ¹ há»£p Ä‘áº§u tÆ°, Ä‘á»ƒ á»Ÿ, cho thuÃª...
- GiÃ¡ bÃ¡n: 1ty800tr ráº» hÆ¡n cá»±c nhiá»u so vá»›i máº·t báº±ng trung, mua lÃ£i ngay.

*LiÃªn há»‡: Äá»©c Huy - 0862.85.95.98
(TrÆ°á»ng há»£p gá»i khÃ´ng Ä‘Æ°á»£c báº¡n hÃ£y nháº¯n tin SMS hoáº·c Zalo).
Há»— trá»£ giáº¥y tá» phÃ¡p lÃ½: Thá»§ tá»¥c ngÃ¢n hÃ ng vay Ä‘áº¿n 70 - 80% lÃ£i suáº¥t 0.6%.
Sang tÃªn giáº¥y tá», chuyá»ƒn nhÆ°á»£ng tÃ¬nh tráº¡ng Ä‘áº¥t...",4,khÃ´ng cÃ³,2000,8000,natB, gáº§n BV tÃ¢m tháº§n kinh,1,2021-04-29 21:44:00.230977,2021-04-29 21:44:00.231969,2021-07-12 21:44:00.231969
2,BÃ¡n Ä‘áº¥t táº·ng nhÃ  YÃªn HÃ²a - LÃ´ gÃ³c - Ã”tÃ´ 20m - 32m2,1,ÄÆ°á»ng YÃªn HÃ²a,PhÆ°á»ng Trung HoÃ ,Quáº­n Cáº§u Giáº¥y,HÃ  Ná»™i,66.0,268000.0,"+ BÃN Äáº¤T Táº¶NG NHÃ€ PHá» YÃŠN HÃ’A Cáº¦U GIáº¤Y  - LÃ” GÃ“C - Ná» Háº¬U - 20M Ã” TÃ” - TÆ¯Æ NG LAI SÃNG NGá»œI 

+ Dt: 30/35m2 x 2 táº§ng, máº·t tiá»n 4m, ngÃµ trÆ°á»›c nhÃ  thoÃ¡ng , cÃ¡ch Ã´ tÃ´ 20m

- Vá»‹ trÃ­ nhÃ  á»Ÿ khu trung tÃ¢m, tiá»‡n Ã­ch vÃ´ vÃ n, gáº§n ngay chá»£, nhÃ  gáº§n ngay cÃ¡c trÆ°á»ng tá»« máº§m non Ä‘áº¿n Äáº¡i há»c lá»›n.

- NhÃ  cÃ¡ch máº·t ngÃµ Ã´ tÃ´ trÃ¡nh khoáº£ng 20m, gáº§n ngay dá»± Ã¡n má»Ÿ Ä‘Æ°á»ng Ä‘ang triá»ƒn khai tá»« Cáº§u Giáº¥y - DÆ°Æ¡ng ÄÃ¬nh Nghá»‡ - Nguyá»…n Khang, má»Ÿ Ä‘Æ°á»ng xong giÃ¡ trá»‹ tÄƒng vá»t.

- Hiá»‡n tráº¡ng nhÃ  2 táº§ng cÅ© xÃ¡c Ä‘á»‹nh bÃ¡n Ä‘áº¥t, khÃ¡ch mua vá» sang sá»­a á»Ÿ táº¡m hoáº·c phÃ¡ Ä‘i xÃ¢y vÃ´ cÃ¹ng thoÃ¡ng sÃ¡ng.

- Sá»• Ä‘á» ná»Ÿ háº­u, giao dá»‹ch ngay.

+ GÃ­a: 2.68 tá»· cÃ³ thÆ°Æ¡ng lÆ°á»£ng

+ Lh: E Trang Ä‘á»ƒ xem nhÃ  miá»…n phÃ­",2,riÃªng,3000,9000,natB,Báº¿n xe bus,1,2021-04-29 21:44:00.230977,2021-04-29 21:44:00.231969,2021-07-24 21:44:00.231969
2,Äáº¥t Quáº­n HÃ  ÄÃ´ng 63m2-855tr,0,Bá»“ Äa 2,PhÆ°á»ng Äá»“ng Mai,Quáº­n HÃ  ÄÃ´ng,HÃ  Ná»™i,63.0,855000.0,"1/ CHÃNH CHá»¦ BÃN 63M2 Äáº¤T THá»” CÆ¯ - Tá»” 17, P. Äá»’NG MAI/Q.HÃ€ ÄÃ”NG-855tr.

2/ Vá»‹ trÃ­ Ä‘áº¥t phÃ­a trong Ä‘Ãª, Gáº¦N KHU ÄÃ” THá»Š SINH THÃI Äá»’NG MAI. Chiá»u ngang Ä‘áº¥t 5m, dÃ i 12m. Äáº¥t cÃ³ 2 máº·t thoÃ¡ng, ngÃµ trÆ°á»›c vÃ  ngÃµ thoÃ¡ng sau Ä‘áº¥t. Tá»« máº·t Ä‘Æ°á»ng Ä‘Ãª vÃ o Ä‘áº¥t táº§m 150m, ngÃµ trÆ°á»›c Ä‘áº¥t 2.5m  (Ã´ tÃ´ k vÃ o Ä‘Æ°á»£c táº­n Ä‘áº¥t). Sá»” Äá» CHÃNH CHá»¦, CHá»ˆ SANG TÃŠN KHI GIAO Dá»ŠCH.

3/ GiÃ¡ bÃ¡n: 13.500.000Ä‘/m2 (mÆ°á»i ba triá»‡u rÆ°á»¡i). KhÃ¡ch mua chá»‹u phÃ­ cÃ´ng chá»©ng, sang tÃªn (táº§m 10 triá»‡u).

4/ Äá»ƒ Ä‘á»¡ máº¥t thá»i gian cho cáº£ em vÃ  khÃ¡ch mua, em chÃ­nh chá»§ cÃ´ng khai má»i thÃ´ng tin chuáº©n vá» giÃ¡ bÃ¡n, sá»• Ä‘á», vá»‹ trÃ­ Ä‘áº¥t rÃµ rÃ ng Ä‘á»ƒ khÃ¡ch nghiÃªn cá»©u. CÃ²n váº¥n Ä‘á» gÃ¬ chÆ°a rÃµ thÃ¬ alo cho em.TrÃ¢n trá»ng!",2,riÃªng,2000,11000,Nhanh hÆ¡n cÃ¡ch ngÆ°á»i yÃªu cÅ© trá»Ÿ máº·t, gáº§n BV tÃ¢m tháº§n kinh,0,2021-04-29 21:44:00.230977,2021-04-29 21:44:00.231969,2021-06-13 21:44:00.231969
1,"BÃ¡n Nhanh Máº£nh Äáº¥t 40m2, CÃ¡ch Ã´ tÃ´ 10m. 1.68 tá»·",0,Äá»“ng Dinh,PhÆ°á»ng Tháº¡ch BÃ n,Quáº­n Long BiÃªn,HÃ  Ná»™i,40.0,168000.0,"Gia Ä‘Ã¬nh khÃ´ng cÃ³ nhu cáº§u sá»­ dá»¥ng, cáº§n bÃ¡n nhanh máº£nh Ä‘áº¥t Ä‘áº¹p táº¡i Tháº¡ch BÃ n.

Diá»‡n tÃ­ch 40m2. Máº·t tiá»n = háº­u 4.85m. HÆ°á»›ng TÃ¢y Báº¯c.

NgÃµ trÆ°á»›c nhÃ  2.2m. Ra Ä‘Æ°á»ng Ã´ tÃ´ 20m. Vá»‹ trÃ­ Ä‘áº¥t táº¡i tá»• 13 Tháº¡ch bÃ n.

CÃ¡ch chá»£ Äá»“ng Dinh 200m. Ra Ä‘Æ°á»ng Cá»• Linh, Tháº¡ch BÃ n Hay Quá»‘c Lá»™ 5A chá»‰ 1km.

BÃ¡n kÃ­nh 500m Ä‘áº§y Ä‘á»§ trÆ°á»ng há»c cÃ¡c cáº¥p, CA phÆ°á»ng, Tráº¡m y táº¿...

Khu vá»±c dÃ¢n trÃ­ vÄƒn minh, an ninh tá»‘t, giao thÃ´ng thuáº­n tiá»‡n di chuyá»ƒn cÃ¡c ngáº£.

GiÃ¡ 1.68 tá»· (cÃ³ ra lá»™c).

LiÃªn há»‡: Mr TÃ¹ng: 0912 017 115 Ä‘á»ƒ Ä‘i xem Ä‘áº¥t trá»±c tiáº¿p.",2,khÃ´ng cÃ³,3000,9000,Nhanh hÆ¡n cÃ¡ch ngÆ°á»i yÃªu cÅ© trá»Ÿ máº·t,hasagi,1,2021-04-29 21:44:00.230977,2021-04-29 21:44:00.231969,2021-07-07 21:44:00.231969
2,NhÃ  4 táº§ng siÃªu Ä‘áº¹p 36/57m Äá»‘ng Äa,1,ÄÆ°á»ng ThÃ¡i Thá»‹nh,PhÆ°á»ng Thá»‹nh Quang,Quáº­n Äá»‘ng Äa,HÃ  Ná»™i,36.0,540000.0,"Dá»± Ã¡n: Ä‘á»‘ng Ä‘a
ThÃ´ng tin chi tiáº¿t: âœ… Khu vuÌ›Ì£c ThaÌi ThiÌ£nh, dieÌ£Ì‚n tiÌch 36/57T1, maÌ£Ì†t tieÌ‚Ì€n 3,4m, 4 taÌ‚Ì€ng. ChiÌ‰ 5,xx tyÌ‰
âœ… khu vuÌ›Ì£c phaÌ‚n loÌ‚ baÌ€n coÌ›Ì€, daÌ‚n triÌ cao, ngoÌƒ thoÌ‚ng caÌc ngaÌ‰
âœ… Khung beÌ‚ toÌ‚ng, Ä‘oÌ‚Ì‰ caÌt vaÌ€ng chaÌ†Ìc chaÌ†Ìn. ThieÌ‚Ìt keÌ‚Ì thoÌ‚ng saÌ€n ngaÌ†n moÌ‚Ìƒi taÌ‚Ì€ng 2 phoÌ€ng goÌ‚Ì€m: KhaÌch, beÌ‚Ìp, 3 nguÌ‰, phoÌ€ng thoÌ›Ì€, saÌ‚n phoÌ›i.
âœ… PhaÌ‚Ì€n Ä‘aÌ‚Ìt luÌ›u khoÌ‚ng coÌ theÌ‚Ì‰ hoÌ›Ì£p thuÌ›Ìc hoÌa vaÌ€o soÌ‚Ì‰ Ä‘uÌ‰ dieÌ£Ì‚n tiÌch 57m2 nhuÌ› haÌ€ng xoÌm Ä‘aÌƒ laÌ€m.
âœ… SoÌ‚Ì‰ vuoÌ‚ng Ä‘eÌ£p truÌ›oÌ›Ìc sau nhuÌ› moÌ£Ì‚t.",1,riÃªng,2000,11000,Nhanh hÆ¡n cÃ¡ch ngÆ°á»i yÃªu cÅ© trá»Ÿ máº·t,hasagi,0,2021-04-29 21:44:00.230977,2021-04-29 21:44:00.231969,2021-06-27 21:44:00.231969
2,"NhÃ  Gia Quáº¥t, 39m2, 5táº§ng má»›i, 2.9tá»·, Long BiÃªn",1,Gia Quáº¥t,PhÆ°á»ng Ngá»c LÃ¢m,Quáº­n Long BiÃªn,HÃ  Ná»™i,39.0,290000.0,"Gia Ä‘Ã¬nh tÃ´i xÃ¢y Ä‘á»ƒ á»Ÿ nhÆ°ng chuyá»ƒn cÃ´ng tÃ¡c nÃªn bÃ¡n.
+ NhÃ  má»›i Ä‘áº¹p, thiáº¿t káº¿ hiá»‡n Ä‘áº¡i 4 táº§ng 1 tum cÃ²n má»›i nguyÃªn.
+ Máº·t tiá»n rá»™ng 4,5m, trÆ°á»›c nhÃ  lÃ  sÃ¢n rá»™ng nÃªn nhÃ  cá»±c thoÃ¡ng sÃ¡ng, sÃ¢n Ä‘á»ƒ Ä‘Æ°á»£c nhiá»u xe mÃ¡y, Taxi lÃ¹i vÃ o táº­n cá»­a khi cáº§n.
+ NhÃ  cÃ³ Ä‘áº§y Ä‘á»§ giáº¥y phÃ©p xÃ¢y dá»±ng, báº£n thiáº¿t káº¿ riÃªng, táº§ng 2 phÃ²ng rá»™ng, vá»‡ sinh khÃ©p kÃ­n. Thiáº¿t bá»‹ toÃ n bá»™ hÃ ng nháº­p nhoáº¡i.
+ Tá»•ng 4 phÃ²ng ngá»§, sÃ n gá»—, cáº§u thang, tay vá»‹n, cá»­a Ä‘á»u báº±ng gá»— lim, SÃ n lÃ  gá»— cÃ´ng nghiá»‡p nháº­p ngoáº¡i.
+ NgÃµ rá»™ng, thÃ´ng, Ä‘Æ°á»ng Ã´ tÃ´ trÃ¡nh cÃ¡ch nhÃ  30m, bÃªn cáº¡nh lÃ  khu chung cÆ° vá»›i Ä‘áº§y Ä‘á»§ má»i tiá»‡n Ã­ch vÃ  trÆ°á»ng há»c.
Sá»• Ä‘á» chÃ­nh chá»§, vuÃ´ng váº¯n . GiÃ¡ ra lá»™c.
LiÃªn há»‡ Anh Hoan 1978.",1,riÃªng,3000,10000,natB,hasagi,1,2021-04-29 21:44:00.230977,2021-04-29 21:44:00.231969,2021-06-19 21:44:00.231969
2,"BÃ¡t Khá»‘i, NhÃ  6 Táº§ng LÃ´ GÃ³c, Ã” tÃ´ VÃ o NhÃ  2.95 Tá»·",1,ÄÆ°á»ng BÃ¡t Khá»‘i,PhÆ°á»ng Long BiÃªn,Quáº­n Long BiÃªn,HÃ  Ná»™i,34.0,295000.0,"SiÃªu Pháº©m BÃ¡t Khá»‘i, NhÃ  6 Táº§ng LÃ´ GÃ³c, Ã” tÃ´ VÃ o NhÃ  Chá»‰ 2.95 Tá»·
- NhÃ  diá»‡n tÃ­ch 34m2, HÆ°á»›ng TÃ¢y nam, Ã” tÃ´ vÃ o nhÃ 
- Thiáº¿t káº¿ 6 táº§ng, táº§ng 1 gá»“m phÃ²ng báº¿p, Ä‘á»ƒ xe. Táº§ng 2 phÃ²ng khÃ¡ch, táº§ng 3,4,5 má»—i táº§ng 1 phÃ²ng ngá»§, 1 Wc, Táº§ng 6 sÃ¢n phÆ¡i, phÃ²ng thá».
- ÄÆ°á»ng trÆ°á»›c nhÃ  Ã´ tÃ´ Ä‘á»— cá»­a quay Ä‘áº§u Ä‘á»u Ä‘Æ°á»£c.
- Khu dÃ¢n trÃ­ cao, an ninh tá»‘t, yÃªn tÄ©nh, thoÃ¡ng mÃ¡t.
- Vá»‹ trÃ­ ráº¥t thuáº­n lá»£i gáº§n trÆ°á»ng há»c cáº¥p 1 cáº¥p 2 vÃ  cáº¥p 3 tráº¡m y táº¿, gáº§n vÆ°á»n hoa cÃ¢y xanh, khu vui chÆ¡i.
- CÃ¡ch ÄÆ°á»ng BÃ¡t Khá»‘i 100m, cáº§u VÄ©nh Tuy 500m, Aeon 700m, cÃ¡ch Ä‘Æ°á»ng Cá»• Linh 600m, gáº§n trÆ°á»ng há»c, bá»‡nh viá»‡n, chá»£...Sang Há»“ GÆ°Æ¡m chá»‰ máº¥t 10 phÃºt Ä‘i xe!
- Sá»• Ä‘á» chÃ­nh chá»§, khÃ´ng tranh cháº¥p. Äáº§y Ä‘á»§ giáº¥y phÃ©p xÃ¢y dá»±ng, há»“ sÆ¡ Ä‘iá»‡n nÆ°á»›c, báº£n váº½ thiáº¿t káº¿.
GiÃ¡ Chá»‰ 2.95 Tá»·
LiÃªn há»‡: Mr TÃ¹ng  Ä‘á»ƒ Ä‘i xem nhÃ  trá»±c tiáº¿p vÃ  miá»…n phÃ­.",2,riÃªng,2000,8000,Nhanh hÆ¡n cÃ¡ch ngÆ°á»i yÃªu cÅ© trá»Ÿ máº·t,hasagi,0,2021-04-29 21:44:00.230977,2021-04-29 21:44:00.231969,2021-07-04 21:44:00.231969
2,"Máº·t Phá»‘ vá»‰a hÃ¨ rá»™ng, kinh doanh tá»‘t , chá»‰ 12 tá»·",1,ÄÆ°á»ng TÃ¢n Mai,PhÆ°á»ng GiÃ¡p BÃ¡t,Quáº­n HoÃ ng Mai,HÃ  Ná»™i,70.0,1200000.0,"HÆ N 10 Tá»¶ - TOÃ€ NHÃ€ 6 Táº¦NG Máº¶T PHá» 
+ Vá»‹ trÃ­: Máº·t phá»‘, vá»‰a hÃ¨ rá»™ng
+ ToÃ  nhÃ  6 táº§ng thiáº¿t káº¿ theo mÃ´ hÃ¬nh vá»«a á»Ÿ vá»«a kinh doanh. Hiá»‡n chá»§ chá»‰ dÃ¹ng Ä‘á»ƒ á»Ÿ.
Táº§ng 1: Gara hoáº·c máº·t báº±ng kinh doanh.
Táº§ng 2 Ä‘áº¿n táº§ng 6 nhiá»u phÃ²ng ngá»§ rá»™ng.",1,riÃªng,2000,10000,natD,Báº¿n xe bus,1,2021-04-29 21:44:00.230977,2021-04-29 21:44:00.231969,2021-07-18 21:44:00.231969
1,BÃ¡n NhÃ  PhÃº Diá»…n - NhÃ  Äáº¹p - á» LuÃ´n - 36m2 x 5T,1,ÄÆ°á»ng PhÃº Diá»…n,PhÆ°á»ng PhÃº Diá»…n,Quáº­n Báº¯c Tá»« LiÃªm,HÃ  Ná»™i,66.0,270000.0,"+ BÃN NHÃ€ PHÃš DIá»„N - Ã” TÃ” Gáº¦N - NHÃ€ Äáº¸P - á» SÆ¯á»šNG 

+ Dt : 36m2 x 5 táº§ng , mt: 3,6m

+ Vá»‹ trÃ­ Ä‘áº¹p ngÃµ thÃ´ng thoÃ¡ng cÃ¡ch Ã´ tÃ´ 30m, ngÃµ trÆ°á»›c nhÃ  thoÃ¡ng , xe mÃ¡y Ä‘á»ƒ chá»¥c cÃ¡i thoáº£i mÃ¡i, cÃ¡ch há»“ PhÃº Diá»…n 50m

+ Khu vá»±c Ä‘ang phÃ¡t triá»ƒn máº¡nh , á»Ÿ hay Ä‘áº§u tÆ° Ä‘á»u ok

+ Sá»• vuÃ´ng váº¯n sáºµn sÃ ng giao dá»‹ch

+ GÃ­a: 2.75 tá»· cÃ³ thÆ°Æ¡ng lÆ°á»£ng

+ Lh: E Trang Ä‘á»ƒ xem nhÃ  miá»…n phÃ­",1,chung,2000,9000,á»”n Ä‘á»‹nh,Gáº§n hÆ¡n ngÆ°á»i yÃªu báº¡n,1,2021-04-29 21:44:00.230977,2021-04-29 21:44:00.231969,2021-07-09 21:44:00.231969
1,HÃ ng Hiáº¿m NhÃ  34m Tháº¡ch BÃ n CÃ³ Nhá»‰nh 1.5 tá»· XÃ­u,1,ÄÆ°á»ng Tháº¡ch BÃ n,PhÆ°á»ng Tháº¡ch BÃ n,Quáº­n Long BiÃªn,HÃ  Ná»™i,34.0,165000.0,"- chuyá»ƒn nhÆ°á»£ng cÃ´ng tÃ¡c lÃªn cáº§n bÃ¡n gáº¥p nhÃ  34m tá»• 12 tháº¡ch bÃ n vá»‹ trÃ­ sÃ¡t vá»›i khu Ä‘Ã´ thá»‹ garden city ( hÃ¬nh áº£nh Ä‘Ãºng vá»›i nhÃ  Ä‘ang bÃ¡n ) 

- nhÃ  thiáº¿t káº¿ 3 phÃ²ng ngá»§ 2 Wc khÃ´ng gian thiáº¿t káº¿ cá»±c kÃ¬ tinh táº¿ cho há»™ gia Ä‘Ã¬nh 
- bÃ¡n kÃ­nh 1km cÃ³ Ä‘áº§y Ä‘á»§ tiá»‡n Ã­ch : chá»£  ,trÆ°á»ng máº§m non 
- khÃ´ng cÃ³ cÄƒn thá»© 2 lÃªn quÃ½ khÃ¡ch hÃ ng liÃªn há»‡ em sá»›m 0853.246.345 ( miá»…n trung gian mÃ´i giá»›i)",3,chung,2000,11000,CÃ³ lÃ  Ä‘Æ°á»£c,Gáº§n tráº¡i giam,0,2021-04-29 21:44:00.230977,2021-04-29 21:44:00.231969,2021-07-24 21:44:00.231969
2,"Äáº¥t PhÃºc Lá»£i 228m2 ÄÆ°á»ng Ã” tÃ´ TrÃ¡nh, Vá»‰a HÃ¨.55tr/m",0,PhÃºc Lá»£i,PhÆ°á»ng PhÃºc Lá»£i,Quáº­n Long BiÃªn,HÃ  Ná»™i,228.0,1254000.0,"Äáº¥t PhÃºc Lá»£i 228m2 ÄÆ°á»ng Ã” tÃ´ TrÃ¡nh, Vá»‰a HÃ¨. Cáº¡nh TrÆ°á»ng Máº§m Non PhÃºc Lá»£i 55tr/m2
- Diá»‡n tÃ­ch 228m2 máº·t tiá»n 9.5m háº­u ná»Ÿ 10.9m hÆ°á»›ng Ä‘Ã´ng báº¯c.
- ÄÆ°á»ng trÆ°á»›c nhÃ  13m, Náº±m trÃªn trá»¥c chÃ­nh Ä‘Æ°á»ng ven Ä‘Ãª phÃºc lá»£i. (Äáº¥t trong Ä‘Ãª)
- Vá»‹ trÃ­ Ä‘áº¥t phong thá»§y cá»±c Ä‘áº¹p, Ä‘áº§u tá»±a sÆ¡n chÃ¢n Ä‘áº¡p thá»§y. 
- Náº±m ngay cáº¡nh trÆ°á»ng máº§m non phÃºc lá»£i, khu vá»±c dÃ¢n trÃ­ cao, tÆ°Æ¡ng lai phÃ¡t triá»ƒn.
- PhÃ¹ há»£p Ä‘áº§u tÆ° chia lÃ´, xÃ¢y biá»‡t thá»± nhÃ  vÆ°á»n, kinh doanh....
GiÃ¡ 55tr/m2 (cÃ³ thÆ°Æ¡ng lÆ°á»£ng)
LiÃªn há»‡: Mr TÃ¹ng 0912 017 115 Ä‘á»ƒ Ä‘i xem Ä‘áº¥t trá»±c tiáº¿p vÃ  miá»…n phÃ­",3,riÃªng,3000,8000,natB, gáº§n BV tÃ¢m tháº§n kinh,0,2021-04-29 21:44:00.230977,2021-04-29 21:44:00.231969,2021-07-16 21:44:00.231969
2,"BÃ¡n nhÃ  tráº£ ná»£, tá»• 5 Tháº¡ch BÃ n chá»‰ 2 tá»· 40m2 x 4T,",1,ÄÆ°á»ng Tháº¡ch BÃ n,PhÆ°á»ng Tháº¡ch BÃ n,Quáº­n Long BiÃªn,HÃ  Ná»™i,40.0,200000.0,"NhÃ  bao viá»‡c pháº£i lo, nhÆ°ng lo nháº¥t lÃ  viá»‡c cÃ³ má»™t mÃ¡i áº¥m Ä‘á»ƒ Ä‘oÃ n viÃªn. Mua vá» lÃ  á»Ÿ luÃ´n. NhÃ  cÃ²n ráº¥t má»›i, xÃ¢y dá»±ng 4 táº§ng táº¡i Ä‘Æ°á»ng Cá»• Linh, tá»• 5, Tháº¡ch BÃ n, Long BiÃªn, HÃ  Ná»™i. Diá»‡n tÃ­ch: 40m2 máº·t tiá»n: 4m ngÃµ rá»™ng, vá»«a Ã´ tÃ´ con. Gáº§n vá»›i Ä‘Æ°á»ng lá»›n trung tÃ¢m. Thiáº¿t káº¿: 4 táº§ng.
- Táº§ng 1: PhÃ²ng khÃ¡ch, báº¿p, nhÃ  vá»‡ sinh.
- Táº§ng 2: 2 phÃ²ng ngá»§, 1 nhÃ  vá»‡ sinh.
- Táº§ng 3: 2 phÃ²ng ngá»§, 1 nhÃ  vá»‡ sinh.
- Táº§ng 4: PhÃ²ng thá», phÃ²ng giáº·t, phÃ²ng Ä‘á»ƒ Ä‘á»“, phÆ¡i Ä‘á»“.
LiÃªn há»‡ xem nhÃ : Mr TÃ¹ng: Ä‘á»ƒ Ä‘i xem nhÃ  trá»±c tiáº¿p",2,chung,3000,11000,CÃ³ lÃ  Ä‘Æ°á»£c,Gáº§n tráº¡i giam,0,2021-04-29 21:44:00.230977,2021-04-29 21:44:00.231969,2021-06-16 21:44:00.231969
1,BÃ¡n CÄƒn Há»™ Táº­p Thá»ƒ C9 Báº¯c ThÃ nh CÃ´ng - ChÃ­nh Chá»§,3,ÄÆ°á»ng ÄÃª La ThÃ nh,PhÆ°á»ng ThÃ nh CÃ´ng,Quáº­n Ba ÄÃ¬nh,HÃ  Ná»™i,60.0,185000.0,"Dá»± Ã¡n: CÄƒn Há»™ Táº­p Thá»ƒ C9 Báº¯c ThÃ nh CÃ´ng.
          ThÃ´ng tin chi tiáº¿t: CÄƒn há»™ chung cÆ° táº§ng 3, Khu C9 Báº¯c ThÃ nh CÃ´ng
Ngay gáº§n trÆ°á»ng, chá»£, Ä‘áº·c biá»‡t dá»± Ã¡n má»Ÿ Ä‘Æ°á»ng kim liÃªn má»›i tá»« HoÃ ng Cáº§u ra voi phá»¥c Ä‘Ã£ Ä‘á»n bÃ¹ xong khu cÄƒn há»™ sáº½ ra gáº§n máº·t Ä‘Æ°á»ng.
Diá»‡n tÃ­ch sá»• Ä‘á» 22,4m Ä‘Ã£ cÆ¡i ná»›i thá»±c táº¿ ~60m: 1 phÃ²ng khÃ¡ch lá»›n, 2 phÃ²ng ngá»§, 1 phÃ²ng Ä‘á»ƒ mÃ¡y giáº·t, 1 nhÃ  táº¯m, 1 báº¿p.
GiÃ¡ 1 tá»· 85",3,riÃªng,2000,9000,á»”n Ä‘á»‹nh,Gáº§n hÆ¡n ngÆ°á»i yÃªu báº¡n,1,2021-04-29 21:44:00.230977,2021-04-29 21:44:00.231969,2021-07-22 21:44:00.231969
2,Cáº§n BÃ¡n Ä‘áº¥t thá»• cÆ° 38.3m HÃ  ÄÃ´ng  giÃ¡ 1.38 tá»·,0,Nguyá»…n trung trá»±c,PhÆ°á»ng PhÃº LÃ£m,Quáº­n HÃ  ÄÃ´ng,HÃ  Ná»™i,38.3,138000.0,"ChÃ­nh chá»‰ cáº§n bÃ¡n 38.3m Ä‘áº¥t thá»• cÆ° xá»‹n táº¡i ngÃµ 2 Ä‘Æ°á»ng Nguyá»…n trung trá»±c,tá»• 7,Huyá»n ká»³ ,PhÃº lÃ£m, hÃ  Ä‘Ã´ng , máº·t tiá»n 3.2m x 12m chiá»u dÃ i , Ä‘áº¥t vuÃ´ng váº¯n , Ä‘áº±ng sau cÃ³ khe thoÃ¡ng má»Ÿ cá»­a sá»• ,báº¯p Ä‘iá»u hÃ²a thuáº­n lá»£i ,hÃ ng xÃ³m ,dÃ¢n cÆ° sáº§m uáº¥t Ä‘Ã´ng Ä‘Ãºc , chá»‰ vÃ i trÄƒm mÃ©t ra khu chá»£ xá»‘m, gáº§n trÆ°á»ng Ä‘áº¡i há»c Ä‘áº¡i nÄƒm, cao Ä‘áº³ng kte thÆ°Æ¡ng máº¡i, ngÃµ trÆ°á»›c máº·t 2m , vá»‹ trÃ­ giao thÃ´ng thuáº­n lá»£i, gáº§n báº¿n xe yÃªn nghÄ©a, Ä‘Æ°á»ng sáº¯t trÃªn cao, chá»£ trÆ°á»ng vÃ  siÃªu thá»‹ thuáº­n lá»£i dá»… mua sáº¯m, giÃ¡ cÃ³ thÆ°Æ¡ng lÆ°á»£ng chÃºt cho ngÆ°á»i thiá»‡n chÃ­ thanh toÃ¡n nhanh, liÃªn há»‡ chÃ­nh chá»§",4,chung,3000,8000,natB, gáº§n BV tÃ¢m tháº§n kinh,0,2021-04-29 21:44:00.230977,2021-04-29 21:44:00.231969,2021-07-27 21:44:00.231969
1,"BÃ¡n NhÃ  Tráº§n ThÃ¡i TÃ´ng -NhÃ  Äáº¹p - Ã”tÃ´ Gáº§n 40m2,6PN",1,ÄÆ°á»ng Tráº§n ThÃ¡i TÃ´ng,PhÆ°á»ng Dá»‹ch Vá»ng Háº­u,Quáº­n Cáº§u Giáº¥y,HÃ  Ná»™i,66.0,445000.0,"+  BÃN NHÃ€ TRáº¦N THÃI TÃ”NG - Dá»ŠCH Vá»ŒNG Háº¬U - Cáº¦U GIáº¤Y - 5 Táº¦NG 6 NGá»¦ - NHÃ€ Cá»°C Äáº¸P  - 50M BÃƒI Gá»¬I Ã” TÃ” NGÃ€Y ÄÃŠM - á» HAY CHO THUÃŠ Äá»€U TUYá»†T Vá»œI. 

+ Dt: 40/45m2 x 5 táº§ng , máº·t tiá»n 4m

- NhÃ   Ä‘áº§u Tráº§n ThÃ¡i TÃ´ng, ngÃµ trÆ°á»›c nhÃ  rá»™ng, Ä‘áº§u ngÃµ lÃ  bÃ£i gá»­i xe Ã´ tÃ´ ngÃ y Ä‘Ãªm, thÃ´ng sang Tráº§n Quá»‘c VÆ°á»£ng, khu vá»±c dÃ¢n cÆ° Ä‘Ã´ng Ä‘Ãºc, khÃ¡ch mua á»Ÿ hay Ä‘áº§u tÆ° nhÃ  cho thuÃª Ä‘á»u ok
 
- NhÃ  thiáº¿t káº¿ hiá»‡n Ä‘áº¡i táº§ng 2 phÃ²ng ngá»§, cáº§u thang giá»¯a, ban cÃ´ng, giáº¿ng trá»i Ä‘áº§y Ä‘á»§, tá»•ng cÃ³ 6 phÃ²ng ngá»§. 

- Sá»• Ä‘á» Ä‘áº¹p, sáºµn sÃ ng giao dá»‹ch. 

+ GÃ­a: 4.45 tá»· cÃ³ thÆ°Æ¡ng lÆ°á»£ng

+ Lh: E Trang",3,khÃ´ng cÃ³,3000,10000,natD,Báº¿n xe bus,0,2021-04-29 21:44:00.230977,2021-04-29 21:44:00.231969,2021-07-11 21:44:00.231969
1,BÃ¡n cÄƒn há»™ nhá» xinh HH Linh ÄÃ m 2 ngu 1050 triá»‡u,3,Khu Ä‘Ã´ thá»‹ Linh ÄÃ m,PhÆ°á»ng HoÃ ng Liá»‡t,Quáº­n HoÃ ng Mai,HÃ  Ná»™i,56.0,105000.0,"BÃ¡n gáº¥p cÄƒn há»™ xinh xinh táº¡i HH Linh ÄÃ m
2 phÃ²ng ngá»§ 2 nhÃ  vá»‡ sinh diá»‡n tÃ­ch 56m
Full ná»™i tháº¥t tiá»‡n nghi sang trá»ng
GiÃ¡ chá»‰ 1050 triá»‡u",2,riÃªng,3000,11000,á»”n Ä‘á»‹nh,Gáº§n hÆ¡n ngÆ°á»i yÃªu báº¡n,0,2021-04-29 21:44:00.230977,2021-04-29 21:44:00.231969,2021-07-04 21:44:00.231969
1,"BÃ¡n nhÃ  siÃªu ráº» 750 triá»‡u , CC máº·t Ä‘Æ°á»ng",3,22 thÆ°á»£ng Ä‘Ã¬nh,PhÆ°á»ng ThÆ°á»£ng ÄÃ¬nh,Quáº­n Thanh XuÃ¢n,HÃ  Ná»™i,30.0,250000.0,"BÃ¡n cÄƒn há»™ chung cÆ° mini siÃªu ráº», siÃªu xinh cho cÃ¡c cáº·p Ä‘Ã´i yÃªu nhau , giÃ¡ yÃªu thÆ°Æ¡ng 750 triá»‡u, full Ä‘á»“ vÃ o chá»‰ viá»‡c á»Ÿ, diÃªn tÃ­ch 30m, sá»• Há»“ng, giáº¥y tá» Ä‘áº§y Ä‘á»§, bao cÃ´ng chá»©ng sang tÃªn, nhÃ  náº±m ngay máº·t Ä‘Æ°á»ng ,dc: 22 thÆ°á»£ng Ä‘Ã¬nh, ráº¥t tiá»‡n Ä‘i láº¡i, Ä‘áº§y Ä‘á»§ má»i tiá»‡n nghi dá»‹ch vá»¥, Lh nhanh káº»o ko ká»‹p mua",1,riÃªng,2000,9000,CÃ³ lÃ  Ä‘Æ°á»£c,Gáº§n hÆ¡n ngÆ°á»i yÃªu báº¡n,0,2021-04-29 21:44:00.230977,2021-04-29 21:44:00.231969,2021-07-02 21:44:00.231969
1,MÃ¬nh chÃ­nh chá»§ bÃ¡n nhÃ  trung tÃ¢m quáº­n Ba ÄÃ¬nh,1,ÄÆ°á»ng An XÃ¡,PhÆ°á»ng PhÃºc XÃ¡,Quáº­n Ba ÄÃ¬nh,HÃ  Ná»™i,70.0,498000.0,"BÃ¡n nhÃ  riÃªng khu phÃ¢n lÃ´ quÃ¢n Ä‘á»™i táº¡i Quáº­n Ba ÄÃ¬nh ~70m x 4 táº§ng ná»™i tháº¥t cao cáº¥p

MÃ¬nh chÃ­nh chá»§ tÃªn sá»• Ä‘á», cÃ³ nhu cáº§u bÃ¡n nhÃ  má»›i lÃ m ráº¥t tÃ¢m huyáº¿t.
ToÃ n bá»™ áº£nh tháº­t 100%.
Táº·ng toÃ n bá»™ ná»™i tháº¥t vÃ  Ä‘á»“ trang trÃ­ cÃ³ trong áº£nh chá»¥p. Gia Ä‘Ã¬nh mÃ¬nh lÃ m Ä‘áº¡i sá»© quÃ¡n nÃªn ráº¥t nhiá»u Ä‘á»“ ngoáº¡i nháº­p. Äáº·c biá»‡t má»™t sá»‘ tranh mÃ¬nh sÆ°u táº­p.
NhÃ  cÃ³ camera an ninh, khÃ³a thÃ´ng minh vÃ¢n tay.
Sá»• Ä‘á» chÃ­nh chá»§ tÃªn má»™t mÃ¬nh mÃ¬nh nÃªn mua bÃ¡n nhanh chÃ³ng.
Diá»‡n tÃ­ch thá»±c táº¿ ~70 m2, diá»‡n tÃ­ch trong sá»• Ä‘á» 63m2
LÃ m viá»‡c vÃ  LiÃªn há»‡ trá»±c tiáº¿p vá»›i sÄ‘t:
Cáº£m Æ¡n cÃ¡c báº¡n Ä‘Ã£ quan tÃ¢m.",2,chung,2000,9000,natB,hasagi,0,2021-04-29 21:44:00.230977,2021-04-29 21:44:00.231969,2021-07-24 21:44:00.231969
2,Äáº¥t thá»• cÆ° giÃ¡p khu CNC HoÃ  Láº¡c,0,ÄÆ°á»ng Äáº¡i lá»™ ThÄƒng Long,XÃ£ Äá»“ng TrÃºc,Huyá»‡n Tháº¡ch Tháº¥t,HÃ  Ná»™i,210.0,125000.0,"Gia Ä‘Ã¬nh tÃ´i cáº§n bÃ¡n máº£nh Ä‘áº¥t 210m2 Táº¡i Äá»“ng TrÃºc - Tháº¡ch Tháº¥t - HÃ  Ná»™i
- CÃ¡ch Äáº¡i Lá»™ ThÄƒng Long 700m
- CÃ¡ch CNC HoÃ  Láº¡c 1,5km
- Gáº§n Ä‘Æ°á»ng lá»›n, gáº§n chá»£, UBND, TrÆ°á»ng Máº§m Non, Cáº¥p 1,2.....",4,khÃ´ng cÃ³,3000,11000,natD,Gáº§n hÆ¡n ngÆ°á»i yÃªu báº¡n,1,2021-04-29 21:44:00.230977,2021-04-29 21:44:00.231969,2021-07-10 21:44:00.231969
2,Chung cÆ° IA20 Ciputra 92.5mÂ² 3PN,3,KÄT Nam ThÄƒng Long,PhÆ°á»ng ÄÃ´ng Ngáº¡c,Quáº­n Báº¯c Tá»« LiÃªm,HÃ  Ná»™i,92.5,240000.0,"ChÃ­nh chá»§ cáº§n chuyá»ƒn nhÆ°á»£ng gáº¥p cÄƒn há»™ táº¡i Dá»± Ã¡n chung cÆ° IA20 - ÄÃ´ng ÄÃ´ Green Ciputra, Nam ThÄƒng Long - Báº¯c Tá»« LiÃªm.
Diá»‡n tÃ­ch thÃ´ng thá»§y 92.57 m2.
- CÄƒn há»™ thiáº¿t káº¿ 3 PhÃ²ng ngá»§ chÃ­nh, 2 WC, 1 Ban cÃ´ng, 1 Logia,...
- Ná»™i tháº¥t CÄT : Tráº§n tháº¡ch cao, Ä‘áº§u chá» Ä‘iá»u hÃ²a, thiáº¿t bá»‹ vá»‡ sinh Linax cao cáº¥p.
- Thiáº¿t káº¿ cÄƒn há»™ khoa há»c, táº¥t cáº£ cÃ¡c phÃ²ng Ä‘á»u cÃ³ Ã¡nh sÃ¡ng tá»± nhiÃªn. ThoÃ¡ng Ä‘Ã£ng, sáº¡ch sáº½.
- Táº§ng tháº¥p thuáº­n tiá»‡n Ä‘i láº¡i. HÃ ng xÃ³m Ä‘Ã£ vá» á»Ÿ Ä‘Ã´ng vui. DÃ¢n trÃ­ cao. An ninh Ä‘áº£m báº£o.
- NhÃ  má»›i bÃ n giao nguyÃªn báº£n, cháº¥t lÆ°á»£ng xÃ¢y dá»±ng tá»‘t. KhÃ´ng bá»‹ ngáº¥m, ná»©t náº». Chá»§ nhÃ  kÄ© tÃ­nh Ä‘Ã£ kiá»ƒm tra ráº¥t kÄ© trÆ°á»›c khi nháº­n bÃ n giao
- GiÃ¡ chuyá»ƒn nhÆ°á»£ng thá»a thuáº­n. Bao sang tÃªn trá»n gÃ³i.
Xin liÃªn há»‡ vÃ  xem nhÃ  trá»±c tiáº¿p A Linh 
Sáºµn chÃ¬a khÃ³a cÄƒn há»™. Xem nhÃ  24/7",4,chung,3000,11000,Nhanh hÆ¡n cÃ¡ch ngÆ°á»i yÃªu cÅ© trá»Ÿ máº·t,hasagi,0,2021-04-29 21:44:00.230977,2021-04-29 21:44:00.231969,2021-07-21 21:44:00.231969
2,"Vá»‹ trÃ­ kinh doanh ngÃµ 66 Ngá»c LÃ¢m, 100m2, 10.6 tá»·",1,ÄÆ°á»ng Ngá»c LÃ¢m,PhÆ°á»ng Ngá»c LÃ¢m,Quáº­n Long BiÃªn,HÃ  Ná»™i,100.0,1060000.0,"Báº¡n muá»‘n cÃ³ má»™t vá»‹ trÃ­ kinh doanh cá»±c tá»‘t, trÃªn trá»¥c chÃ­nh khu dÃ¢n cÆ° lá»›n mÃ  chi phÃ­ tháº¥p
Báº¡n muá»‘n má»™t diá»‡n tÃ­ch rá»™ng, sáºµn nhÃ , sáºµn vá»‹ trÃ­ cá»­a hÃ ng buÃ´n bÃ¡n táº¥p náº­p
Báº¡n muá»‘n cá»­a hÃ ng mÃ¬nh trong má»™t khu dÃ¢n cÆ° sáº§m uáº¥t vá»›i Ä‘á»i sá»‘ng cao, 
ChÃºng tÃ´i Ä‘ang cÃ³

NhÃ  100m2 máº·t ngÃµ phá»‘, ngÃµ chÃ­nh tháº³ng táº¯p cá»§a phá»‘ Ngá»c LÃ¢m, Ä‘Æ°á»ng tráº£i nhá»±a Ã´ tÃ´ trÃ¡nh
Vá»‹ trÃ­ trung tÃ¢m, kinh doanh táº¥p náº­p nháº¥t trong khu phá»‘
Vá»‰a hÃ¨ hai bÃªn, tiá»‡n lá»£i cho khÃ¡ch hÃ ng táº¡m dá»«ng chÃ¢n mua bÃ¡n
NhÃ  4 táº§ng, 70m2, thÃªm cá»­a hÃ ng 30m2 phÃ­a trÆ°á»›c nhÃ .
Chá» Ä‘á»£i ngÆ°á»i cÃ³ nhiá»‡t huyáº¿t, cÃ³ sá»©c tráº» kinh doanh khai thÃ¡c háº¿t cÃ´ng nÄƒng cá»§a táº§ng 1
Náº±m trÃªn trá»¥c dÃ¢n cÆ° lá»›n ná»‘i phá»‘ Ngá»c LÃ¢m vá»›i phá»‘ Nguyá»…n VÄƒn Cá»«
NhÃ  xÃ¢y thoÃ¡ng trÆ°á»›c vÃ  thoÃ¡ng sau

GiÃ¡ 10.6 tá»·, cÃ³ thÆ°Æ¡ng lÆ°á»£ng
LiÃªn há»‡ A Tháº¯ng Ä‘á»ƒ Ä‘Æ°á»£c há»— trá»£ miá»…n phÃ­
Miá»…n TG vÃ  QC",2,riÃªng,2000,8000,natB,hasagi,0,2021-04-29 21:44:00.230977,2021-04-29 21:44:00.231969,2021-06-18 21:44:00.231969
2,"BÃ¡n nhÃ  5 táº§ng sá»• Ä‘á» chÃ­nh chá»§, full ná»™i tháº¥t",1,ÄÆ°á»ng Táº£ Thanh Oai,XÃ£ Táº£ Thanh Oai,Huyá»‡n Thanh TrÃ¬,HÃ  Ná»™i,30.0,21000.0,"Dá»± Ã¡n: NhÃ  Liá»n Ká» Táº£ Thanh Oai.
          ThÃ´ng tin chi tiáº¿t: Táº§ng 1: nhÃ  Ä‘á»ƒ xe, báº¿p, phÃ²ng Äƒn, vs
Táº§ng 2: PhÃ²ng KhÃ¡ch, vs
Táº§ng 3,4:  má»—i táº§ng 2 phÃ²ng ngá»§, vs
Táº§ng 5: phÃ²ng thá», sÃ¢n phÆ¡i",2,chung,2000,9000,CÃ³ lÃ  Ä‘Æ°á»£c,Gáº§n hÆ¡n ngÆ°á»i yÃªu báº¡n,0,2021-04-29 21:44:00.230977,2021-04-29 21:44:00.231969,2021-06-17 21:44:00.231969
2,"Máº·t ngÃµ Ã´ tÃ´, HoÃ ng Liá»‡t, 52m2 5 táº§ng 4.35 tá»·!",1,ÄÆ°á»ng Tá»© Ká»³,PhÆ°á»ng HoÃ ng Liá»‡t,Quáº­n HoÃ ng Mai,HÃ  Ná»™i,52.0,435000.0,"NHÃ€ Má»šI Äáº¸P LONG LANH â€“ 2 THOÃNG - NGÃ• Ã” TÃ” â€“ NGÃ• THÃ”NG - Gáº¦N Há»’ LINH ÄÃ€M â€“ Gáº¦N Báº¾N XE NÆ¯á»šC NGáº¦M.
MÃ” Táº¢: 
+ Diá»‡n tÃ­ch: 52m2, nhÃ  xÃ¢y 5 táº§ng, máº·t tiá»n rá»™ng Ä‘áº¹p 4.2m. Thá»­a Ä‘áº¥t thÃ´ng sá»‘ vÃ ng.
+ NhÃ  5 táº§ng má»›i tinh, thiáº¿t káº¿ hiá»‡n Ä‘áº¡i, ná»™i tháº¥t Ä‘áº¹p, thiáº¿t káº¿ má»—i táº§ng 2 phÃ²ng, khÃ¡ch mua chá»‰ viá»‡c mua vÃ o á»Ÿ luÃ´n. NhÃ  thiáº¿t káº¿ 2 thoÃ¡ng nÃªn cÃ¡c phÃ²ng ráº¥t thÃ´ng thoÃ¡ng.
+ Thiáº¿t káº¿:
- Táº§ng 1: PhÃ²ng khÃ¡ch, phÃ²ng báº¿p, WC.
- Táº§ng 2: Táº§ng Lá»­ng.
- Táº§ng 3,4: Má»—i táº§ng 2 phÃ²ng rá»™ng + WC.
- Táº§ng 5: PhÃ²ng thá» vÃ  sÃ¢n phÆ¡i.
+ Vá»‹ trÃ­ Ä‘áº¹p, ngÃµ Ã´ tÃ´, ngÃµ thÃ´ng tá»© tung, gáº§n Báº¿n xe NÆ°á»›c Ngáº§m, gáº§n Há»“ Linh ÄÃ m, gáº§n NgÃ£ tÆ°: Giáº£i PhÃ³ng - PhÃ¡p VÃ¢n - Ngá»c Há»“i - HoÃ ng Liá»‡tâ€¦, giao thÃ´ng Ä‘i láº¡i cá»±c ká»³ thuáº­n tiá»‡n.
+ NhÃ  á»Ÿ khu dÃ¢n cÆ° cÆ¡ sá»Ÿ háº¡ táº§ng tá»‘t, dÃ¢n trÃ­ thÃ¢n thiá»‡n, an ninh tá»‘t, tiá»‡n Ã­ch ráº¥t tá»‘t.
+ Sá»• Ä‘á» chÃ­nh chá»§, sáºµn sÃ ng giao dá»‹ch.
+ GiÃ¡: 4.35 tá»· (CÃ³ thÆ°Æ¡ng lÆ°á»£ng).
LiÃªn há»‡: Mr Phong.",1,chung,2000,8000,á»”n Ä‘á»‹nh,Gáº§n tráº¡i giam,0,2021-04-29 21:44:00.230977,2021-04-29 21:44:00.231969,2021-07-03 21:44:00.231969
1,"BÃ¡n Ä‘áº¥t Thuá»µ HÃ  Báº¯c há»“ng, 3 máº·t thoÃ¡ng",0,thá»¥y hÃ ,XÃ£ Báº¯c Há»“ng,Huyá»‡n ÄÃ´ng Anh,HÃ  Ná»™i,46.8,100000.0,"Dá»± Ã¡n: BÃ¡n Ä‘áº¥t Thuá»µ HÃ  Báº¯c há»“ng, Ä‘Æ°á»ng lÃ ng thÃ´ng khu biá»‡t thá»± Long viá»‡t .
          ThÃ´ng tin chi tiáº¿t: Äáº¥t thá»• cÆ° thá»¥y hÃ  ,cÃ¡ch Ä‘Æ°á»ng lÃ ng 8m.trá»¥c lÃ ng 2 otto trÃ¡nh nhau .Ä‘áº§u Ä‘Æ°á»ng lÃ ng Ä‘Æ°á»ng conter 2 chiá»u Ä‘i Ä‘Æ°á»£c cuá»‘i Ä‘Æ°á»ng Ä‘Ã¢m ra khu biá»‡t thá»± long viá»‡t , sáº¯p tá»›i sáº½ tráº£i nhá»±a , 
ngÃµ trÆ°á»›c Ä‘áº¥t 2m5 Ä‘áº¥t cÃ³ 3 máº·t thoÃ¡ng ,thÃ­ch há»£p Ä‘áº§u tÆ° hoáº·c xÃ¢y á»Ÿ
cÃ¡ch chá»£ 50m ,cÃ¡ch nhÃ  vÄƒn hÃ³a 100m 
chÃ­nh chá»§ , k mÃ´i giá»›i 
diá»‡n tÃ­ch 46.8 hÆ°á»›ng nam
Alo trá»±c tiáº¿p",2,chung,2000,11000,natD,Gáº§n tráº¡i giam,1,2021-04-29 21:44:00.230977,2021-04-29 21:44:00.231969,2021-06-24 21:44:00.231969
1,BÃN NHÃ€ Máº¶T PHá» BÃT KHá»I - LONG BIÃŠN,1,BÃ¡t khá»‘i,PhÆ°á»ng Long BiÃªn,Quáº­n Long BiÃªn,HÃ  Ná»™i,40.0,710000.0,"BÃ¡n nhÃ  máº·t phá»‘ BÃ¡t Khá»‘i Ä‘áº¹p long lanh, vá»‰a hÃ¨ rá»™ng, thoÃ¡ng kinh doanh Ä‘á»‰nh
-Diá»‡n tÃ­ch :40m2 x 5 táº§ng
-Máº·t tiá»n: 4m
GÃ­a: 7.1 tá»·
-Vá»‹ trÃ­ trung tÃ¢m, gáº§n cáº§u VÄ©nh Tuy, ChÆ°Æ¡ng DÆ°Æ¡ng, Aeon Long BiÃªn
-VÃ i PhÃºt sang bá» há»“, phá»‘ cá»•, sang quáº­n Hai BÃ  TrÆ°ng
-Long BiÃªn giá» Ä‘ang ráº¥t phÃ¡t triá»ƒn, xÃ¢y xong cáº§u Tráº§n HÆ°ng Äáº¡o, cáº§u VÄ©nh Tuy giai Ä‘oáº¡n 2 thÃ¬ giÃ¡ trá»‹ nhÃ  sáº½ tÄƒng lÃªn nhiá»u
-Thiáº¿t káº¿ thÃ´ng sÃ n, má»—i táº§ng 1 phÃ²ng, cÃ³ gara Ã´ tÃ´
Sá»• Ä‘á» chÃ­nh chá»§ vuÃ´ng vá»©c, sáºµn sÃ n giao dá»‹ch",2,chung,2000,10000,CÃ³ lÃ  Ä‘Æ°á»£c,Báº¿n xe bus,0,2021-04-29 21:44:00.230977,2021-04-29 21:44:00.231969,2021-06-18 21:44:00.231969
1,BÃ¡n cÄƒn há»™ B1B2 tÃ¢y nam linh Ä‘Ã m 2 ngá»§ 76m,3,linh Ä‘am,PhÆ°á»ng HoÃ ng Liá»‡t,Quáº­n HoÃ ng Mai,HÃ  Ná»™i,67.0,193000.0,"BÃ¡n gáº¥p cÄƒn há»™ B1B2 HUD2 tÃ¢y nam linh Ä‘Ã m
Diá»‡n tÃ­ch 67m thÃ´ng thá»§y
Ä‘Ã£ cÃ³ sá»•
Full ná»™i tháº¥t
GiÃ¡ 1930 triá»‡u",1,chung,2000,9000,natD, gáº§n BV tÃ¢m tháº§n kinh,0,2021-04-29 21:44:00.230977,2021-04-29 21:44:00.231969,2021-06-18 21:44:00.231969
2,NhÃ  máº·t Ä‘Æ°á»ng pháº¡m vÄƒn Ä‘á»“ng,1,ÄÆ°á»ng Pháº¡m VÄƒn Äá»“ng,PhÆ°á»ng Mai Dá»‹ch,Quáº­n Cáº§u Giáº¥y,HÃ  Ná»™i,200.0,4200000.0,"Thiáº¿t káº¿ hiá»‡n Ä‘áº¡i, thang mÃ¡y nháº­p kháº©u, giáº¥y phÃ©p xÃ¢y dá»±ng, phÃ²ng chÃ¡y, há»‡ thá»‘ng full Ä‘iá»u hoÃ  cÃ¡c phÃ²ng, nhÃ  hoÃ n thiá»‡n nÄƒm 2020. 
XÃ¢y 8 táº§ng 120 m2 cÃ²n láº¡i 80 m ngoÃ i sá»• chá»§ xÃ¢y má»™t táº§ng á»Ÿ. 
NhÃ  hiá»‡n Cho thuÃª trá»n gÃ³i 95 triá»‡u/ thÃ¡ng trá»£ giÃ¡ thá»i covit 75 triá»‡u/ thÃ¡ng. NÄƒm thá»© 3 tÄƒng 10% há»£p Ä‘á»“ng 5 nÄƒm. 
Tá»± khai thÃ¡c 145 triá»‡u/ thÃ¡ng.
PhÃ¡p lÃ½: Sá»• Ä‘á» 120 m2 Ä‘áº¹p ná»Ÿ háº­u 
80 m2 ngoÃ i Ä‘Ã³ng thuáº¿ Ä‘áº¥t Ä‘áº§y Ä‘á»§ khÃ¡ch má»›i chá»§ há»— trá»£ lÃ m sá»• phÃºt má»‘t chá»§ khÃ´ng cÃ³ nhu cáº§u. 

- TaÌ‚Ì€ng 1: ThieÌ‚Ìt keÌ‚Ì thoÌ‚ng saÌ€n, WC, Ä‘eÌ‚Ì‰ xe, khu gia Ä‘Ã¬nh á»Ÿ. 
- Táº§ng 2- 7: ThieÌ‚Ìt keÌ‚Ì moÌ‚Ìƒi taÌ‚Ì€ng 2 phoÌ€ng, caÌ‚Ì€u thang, WC giuÌ›Ìƒa.
- TaÌ‚Ì€ng 8: PhoÌ€ng thoÌ›Ì€, saÌ‚n thuÌ›oÌ›Ì£ng roÌ£Ì‚ng theÌ‚nh thang.",2,khÃ´ng cÃ³,3000,10000,CÃ³ lÃ  Ä‘Æ°á»£c,Báº¿n xe bus,0,2021-04-29 21:44:00.230977,2021-04-29 21:44:00.231969,2021-06-29 21:44:00.231969
1,Cá»±c pháº©m Ä‘áº¥t Thanh Am kinh doanh Ä‘á»‰nh 43m2 giÃ¡ 4tá»·,0,ÄÆ°á»ng Thanh Am,PhÆ°á»ng ThÆ°á»£ng Thanh,Quáº­n Long BiÃªn,HÃ  Ná»™i,43.0,400000.0,"Vá»‹ trá»‹ hiáº¿m
_Gáº§n cáº¥p 1,máº«u giÃ¡o
_giao thÃ´ng thuáº­n tiá»‡n..3 Ã´ tÃ´ Ä‘ua,bÆ°á»›c 3 bÆ°á»›c ra phá»‘ NgÃ´ Gia Tá»±
_thoÃ¡ng mÃ¡t cÃ³ nÆ¡i táº­p thá»ƒ dá»¥c sang va tá»‘i
_dÃ¢n trÃ­ cao",1,khÃ´ng cÃ³,2000,8000,á»”n Ä‘á»‹nh, gáº§n BV tÃ¢m tháº§n kinh,1,2021-04-29 21:44:00.230977,2021-04-29 21:44:00.231969,2021-07-12 21:44:00.231969
2,LÃ” GÃ“C DOÃƒN Káº¾ THIá»†N-7T-45M2-THANG MÃY-OTO VÃ€O NHÃ€,1,ÄÆ°á»ng DoÃ£n Káº¿ Thiá»‡n,PhÆ°á»ng Mai Dá»‹ch,Quáº­n Cáº§u Giáº¥y,HÃ  Ná»™i,45.0,750000.0,"Tuyá»‡t pháº©m nhÃ  phá»‘ - BÃ¡n nhÃ  chÃ­nh chá»§ táº¡i phá»‘ DOÃƒN Káº¾ THIá»†N- hiá»‡n chá»‰ cÃ³ 1 cÄƒn   Ä‘áº¹p   khu do chá»§ nhÃ  lÃ  vÄƒn nghá»‡ sÄ© xÃ¢y ráº¥t tÃ¢m Ä‘áº¯c bÃ¡n vÃ o thá»i Ä‘iá»ƒm nÃ y cÃ³ 102 bÃ¡n vá»›i giÃ¡ quÃ¡ ok
â¤ DT 45m2 , 6 Táº¦NG 1 tum , thang mÃ¡y , NHÃ€ Máº¶T NGÃ• OTO TRÃNH NHAU, KINH DOANH Sáº¦M Uáº¤T, cÄƒn siÃªu pháº©m nÃ y láº¡i náº±m ngay trÃªn tuyáº¿n phá»‘ Mai Dá»‹ch - Quáº­n Cáº§u Giáº¥y.
â¤ï¸ MÃ´ táº£ ngÃ´i nhÃ  : 
- Diá»‡n tÃ­ch : 45m2 
- Máº·t tiá»n : 5m 
- HÆ°á»›ng  : ÄÃ´ng nam 
â¤ï¸ Thiáº¿t káº¿ TÃ¢y Ã‚u, trÃ n ngáº­p Ã¡nh sÃ¡ng tá»± nhiÃªn
ğŸ‘‰   Táº§ng 1: Kinh doanh GARA OTO + WC
ğŸ‘‰ Táº§ng 2: KhÃ¡ch+ báº¿p + Wc
ğŸ‘‰ Táº§ng 3+4+ 5   : má»—i táº§ng 2 PhÃ²ng Ngá»§ Rá»™ng RÃ£i +wc khÃ©p kÃ­n
ğŸ‘‰ Táº§ng 6 : phÃ²ng thá» sÃ¢n phÆ¡i rá»™ng
 ğŸ’° GiÃ¡ : 7,5 tá»· ( cÃ³ thÆ°Æ¡ng lÆ°á»£ng )
âœ… Vá»‹ trÃ­ vÃ´ cÃ¹ng Ä‘áº¯c Ä‘á»‹a, gáº§n cÃ¡c trung tÃ¢m mua sáº¯m tiá»‡n Ã­ch, gáº§n báº¿n xe, cÃ¡c ngÃ¢n hÃ ng, phÃ²ng gym, gáº§n chá»£ gáº§n trÆ°á»ng Cao Äáº³ng CÆ¡ Äiá»‡n, nhÃ  HÃ¡t Ká»‹ch QuÃ¢n Äá»™i, trÆ°á»ng SÃ¢n Kháº¥u Äiá»‡n áº¢nh, Äáº¡i Há»c ThÆ°Æ¡ng Máº¡i.
ğŸ˜ An ninh tráº­t táº­t Ä‘áº£m báº£o, nhÃ  thuá»™c khu dÃ¢n trÃ­ cao, á»Ÿ vÃ´ cÃ¹ng yÃªn tÃ¢m
ğŸ˜ HÆ¡n ná»¯a, nhÃ  chá»§ tá»± xÃ¢y Ä‘á»ƒ á»Ÿ nÃªn vÃ´ cÃ¹ng cháº¯c cháº¯n, kiÃªn cá»‘.
ğŸ˜ MÃ³ng Ã©p cá»c, khung bÃª tÃ´ng, táº¥t cáº£ váº­t liá»‡u xÃ¢y dá»±ng Ä‘á»u cÃ³ cháº¥t lÆ°á»£ng hÃ ng Ä‘áº§u.
ğŸ˜ ToÃ n bá»™ cá»­a, tá»§ báº¿p, cáº§u thang, vÃ¡ch ngÄƒn, sÃ n gá»— Ä‘á»u do 1 tay chá»§ nhÃ  tá»± thiáº¿t káº¿ vÃ  lá»±a chá»n tá»«ng loáº¡i gá»— á»‘p toÃ n bá»™ nhÃ  háº¿t sá»©c tá»‰ má»‰.
* Há»— trá»£ vay vá»‘n ngÃ¢n hÃ ng tá»›i 80% giÃ¡ trá»‹ nhÃ  vá»›i lÃ£i suáº¥t cáº¡nh tranh chá»‰ 0,58 %",1,riÃªng,3000,9000,á»”n Ä‘á»‹nh,Gáº§n hÆ¡n ngÆ°á»i yÃªu báº¡n,1,2021-04-29 21:44:00.230977,2021-04-29 21:44:00.231969,2021-07-04 21:44:00.231969
1,"Máº·t phá»‘,Tráº§n ÄÄƒng Ninh,HÃ  ÄÃ´ng,KD CafÃ©,VP,Spa.",1,ÄÆ°á»ng Tráº§n ÄÄƒng Ninh,PhÆ°á»ng Quang Trung,Quáº­n HÃ  ÄÃ´ng,HÃ  Ná»™i,52.0,600000.0,"Nhá»‰nh 6 tá»·,TÃ²a nhÃ ,máº·t phá»‘,Tráº§n ÄÄƒng Ninh,HÃ  ÄÃ´ng,KD CafÃ©,VÄƒn PhÃ²ng,Spa.
Gia Ä‘Ã¬nh mua nhÃ  biá»‡t thá»± Nam CÆ°á»ng thiáº¿u tiá»n bÃ¡n gáº¥p cÄƒn nhÃ  máº·t phá»‘,vá»‹ trÃ­ Ä‘áº¹p nháº¥t tuyáº¿n phá»‘ Tráº§n ÄÄƒng Ninh,HÃ  ÄÃ´ng.Ä‘Æ°á»ng trÆ°á»›c nhÃ  18m,vá»‰a hÃ¨ 2 bÃªn,NhÃ  Diá»‡n tÃ­ch 52m,máº·t tiá»n 5m,5 táº§ng, sá»• vuÃ´ng,khÃ´ng lá»—i phong thá»§y.nhÃ  chá»§ tÃ¢m huyáº¿t thiáº¿t káº¿ Ä‘á»ƒ á»Ÿ nÃªn xÃ¢y dá»±ng cháº¯c cháº¯n,kiáº¿n Ä‘áº¹p,ná»™i tháº¥t cao cáº¥p,xÃ¢y dá»±ng cÃ³ tÃ­nh toÃ¡n phong thá»§y cáº©n tháº­n.NhÃ  thiáº¿t káº¿ thÃ´ng sÃ n,cÃ´ng nÄƒng phÃ¹ há»£p,kinh doanh cafÃ©,nhÃ  hÃ ng,spa,vÄƒn phÃ²ng,trung tÃ¢m ngoáº¡i ngá»¯,an sinh cao cáº¥p.
GiÃ¡ bÃ¡n nhá»‰nh 6 tá»·. KhÃ¡ch cÃ³ nhu cáº§u gá»i ngay cho A.Äáº¡t (thá»•) ÄT:0979.111165.Miá»…n MG+QC",3,chung,3000,8000,CÃ³ lÃ  Ä‘Æ°á»£c,Gáº§n tráº¡i giam,0,2021-04-29 21:44:00.230977,2021-04-29 21:44:00.231969,2021-07-17 21:44:00.231969
2,"BÃ¡n nhÃ  2 táº§ng, ngoÌƒ 78 GiaÌ‰i phoÌng DTSD 33m",1,ÄÆ°á»ng Giáº£i PhÃ³ng,PhÆ°á»ng PhÆ°Æ¡ng Mai,Quáº­n Äá»‘ng Äa,HÃ  Ná»™i,33.0,300000.0,"BÃ¡n nhÃ  chÃ­nh chá»§ 2 táº§ng ngoÌƒ 78 GiaÌ‰i phoÌng, diá»‡n tÃ­ch soÌ‚Ì‰ Ä‘oÌ‰ 27,8 m2, diá»‡n tÃ­ch thá»±c sá»­ dá»¥ng 33m2. NhaÌ€ coÌ 3 maÌ£Ì†t thoaÌng. MaÌ£Ì†t tieÌ‚Ì€n rá»™ng 5,3m, hÆ°á»›ng Nam. GiÃ¡ 3 tá»·.
ViÌ£ triÌ ngoÌƒ 78 GiaÌ‰i phoÌng, maÌ£Ì†t truÌ›oÌ›Ìc thoaÌng Ä‘oÌ‚Ìi dieÌ£Ì‚n ToÌ‚Ì‰ng cuÌ£c quaÌ‰n lyÌ Ä‘aÌ‚Ìt Ä‘ai. NgoÌƒ roÌ£Ì‚ng 7m, oÌ‚ toÌ‚ quay Ä‘aÌ‚Ì€u, saÌ‚Ì€m uaÌ‚Ìt.
Khu daÌ‚n triÌ cao, an ninh Ä‘aÌ‰m baÌ‰o do Ä‘oÌ‚Ìi dieÌ£Ì‚n coÌ› quan nhaÌ€ nuÌ›oÌ›Ìc baÌ‰o veÌ£Ì‚ 24/7.
NgoÌƒ thoÌ‚ng, caÌch maÌ£Ì†t Ä‘uÌ›oÌ›Ì€ng GiaÌ‰i PhoÌng 40m, TruÌ›oÌ›Ì€ng Chinh 150m.

TieÌ£Ì‚n iÌch xung quanh:
- CaÌch choÌ›Ì£ daÌ‚n sinh 30m.
- GaÌ‚Ì€n caÌc BeÌ£Ì‚nh vieÌ£Ì‚n: Tai MuÌƒi HoÌ£ng, BaÌ£ch Mai, VieÌ£Ì‚t PhaÌp.
- GaÌ‚Ì€n caÌc TruÌ›oÌ›Ì€ng hoÌ£c: TruÌ›oÌ›Ì€ng TieÌ‚Ì‰u hoÌ£c PhuÌ›oÌ›ng Mai, truÌ›oÌ›Ì€ng PTTH Kim LieÌ‚n, ÄaÌ£i hoÌ£c XaÌ‚y DuÌ›Ì£ng, BaÌch Khoa, Kinh TeÌ‚Ì QuoÌ‚Ìc DaÌ‚n.
- CoÌ theÌ‚Ì‰ Ä‘i boÌ£Ì‚ Ä‘eÌ‚Ìn CoÌ‚ng vieÌ‚n ThoÌ‚Ìng nhaÌ‚Ìt",3,riÃªng,2000,11000,á»”n Ä‘á»‹nh,Gáº§n tráº¡i giam,1,2021-04-29 21:44:00.230977,2021-04-29 21:44:00.231969,2021-06-14 21:44:00.231969
2,BÃ¡n nhÃ  máº·t há»“ linh Ä‘Ã m,1,ÄÆ°á»ng HoÃ ng Liá»‡t,PhÆ°á»ng HoÃ ng Liá»‡t,Quáº­n HoÃ ng Mai,HÃ  Ná»™i,70.0,300000.0,"BÃ¡n nhÃ  máº·t há»“ linh Ä‘Ã m thÃ´ng tin nhÆ° trÃªn. CÃ³ thÆ°Æ¡ng lÆ°á»£ng - tiáº¿p mÃ´i giá»›i 
Vui lÃ²ng gá»i trÆ°á»›c khi qua 1 tiáº¿ng",3,chung,3000,9000,CÃ³ lÃ  Ä‘Æ°á»£c,Báº¿n xe bus,1,2021-04-29 21:44:00.230977,2021-04-29 21:44:00.231969,2021-06-19 21:44:00.231969
2,"NhÃ  3T VÄ©nh Ninh,VÄ©nh quá»³nh Ã´ tÃ´ Ä‘á»— giÃ¡ chá»‰ 1.78ty",1,VÄ©nh Ninh,XÃ£ VÄ©nh Quá»³nh,Huyá»‡n Thanh TrÃ¬,HÃ  Ná»™i,42.0,178000.0,"Gia Ä‘Ã¬nh khÃ´ng cÃ³ nhu cáº§u sá»­ dá»¥ng cáº§n bÃ¡n cÄƒn nhÃ  3 táº§ng táº¡i VÄ¨NH NINH ,VÄ¨NH QUá»²NH thiáº¿t káº¿ hiá»‡n Ä‘áº¡i ,xÃ¢y dá»±ng cháº¯c cháº¯n 
cháº¯n
Dt:42 m2
Mt:3.6m
NgÃµ:2.5
HÆ°á»›ng:tÃ¢y báº¯c
THIáº¾T Káº¾:Gá»’M 3PN+1PK+PB+3WC
Khu vá»±c Ä‘Ã´ng dÃ¢n cÆ°,thuáº­n tiá»‡n Ä‘i láº¡i sang HÃ€ ÄÃ”NG VÃ€ QL1A
hÃ ng xÃ³m gáº§n gÅ©i , thÃ¢n thiá»‡n ,khÃ´ng khÃ­ trrong lÃ nh
BÃ¡n kÃ­nh 300m trÆ°á»ng há»c c1,c2,chá»£
CÃ¡ch bx nÆ°á»›c ngáº§m ,giÃ¡p bÃ¡t :5km
PhÃ¡p lÃ­:sá»• Ä‘á» chÃ­nh chá»§
GiÃ¡:1.78 tá»·
Lh: E NHUNG",2,riÃªng,3000,8000,CÃ³ lÃ  Ä‘Æ°á»£c,Báº¿n xe bus,0,2021-04-29 21:44:00.230977,2021-04-29 21:44:00.231969,2021-06-18 21:44:00.231969
2,"BÃ¡n 83m2 MT 6,2m Ä‘Æ°á»ng 3,5m Táº±ng Mi, Nam Há»“ng, ÄA",0,ÄÆ°á»ng Táº±ng Mi,XÃ£ Nam Há»“ng,Huyá»‡n ÄÃ´ng Anh,HÃ  Ná»™i,83.6,209000.0,"Cáº§n bÃ¡n 83,6m2 Ä‘áº¥t Táº±ng Mi, Nam Há»“ng, ÄÃ´ng Anh. 
* Máº·t tiá»n 6,2m. DÃ i 14m Ä‘Æ°á»ng thÃ´ng rá»™ng 3,5m. CÃ¡ch chá»£ xÃ£ 500m. Äáº¥t náº±m á»Ÿ vá»‹ trÃ­ Ä‘Ã´ng dÃ¢n cÆ°, trÆ°á»ng há»c cÃ¡c cáº¥p. CÃ¡ch Ä‘Æ°á»ng VÃµ NguyÃªn GiÃ¡p 4km.. Di chuyá»ƒn ra khu cÃ´ng nghiá»‡p Báº¯c ThÄƒng Long vÃ  KCN Quang Minh 7km. Di chuyá»ƒn lÃªn sÃ¢n bay Ná»™i BÃ i máº¥t
15p. GiÃ¡ ráº» 25 triá»‡u/m2
LiÃªn há»‡ em xem Ä‘áº¥t.",1,khÃ´ng cÃ³,2000,10000,natD,Gáº§n hÆ¡n ngÆ°á»i yÃªu báº¡n,1,2021-04-29 21:44:00.230977,2021-04-29 21:44:00.231969,2021-06-20 21:44:00.231969
1,chÃ­nh chá»§ cáº§n bÃ¡n nhÃ  má»›i xÃ¢y 6 táº§ng thang mÃ¡y,1,ÄÆ°á»ng Ngá»c Thá»¥y,PhÆ°á»ng Ngá»c Thá»¥y,Quáº­n Long BiÃªn,HÃ  Ná»™i,47.0,765000.0,"ChÃ­nh chá»§ cáº§n bÃ¡n nhÃ  6 táº§ng thang mÃ¡y má»›i xÃ¢y, Ã´ tÃ´ vÃ o nhÃ  Ngá»c Thá»¥y - Long BiÃªn, TP HÃ  Ná»™i. máº·t Ä‘Æ°á»ng nhá»±a
DT: 50m2, MT: 4.8m, HÆ°á»›ng tÃ¢y tá»© tráº¡ch.
Sá»• Ä‘á» chÃ­nh chá»§, vá»‹ trÃ­ Ä‘áº¯c Ä‘á»‹a á»Ÿ hoáº·c lÃ m vÄƒn phÃ²ng kinh doanh Ä‘á»u Ä‘Æ°á»£c,...
Gáº§n chá»£, trÆ°á»ng há»c quá»‘c táº¿, khu Ä‘Ã´ thá»‹...
Táº§ng 1 gara, wc.
Táº§ng 2: PhÃ²ng khÃ¡ch wc.
Táº§ng 3,4: má»—i táº§ng 1 phÃ²ng ngá»§ rá»™ng wc.
Táº§ng 5: Wc cÃ³ 2 phÃ²ng ngá»§ nhá».
Táº§ng 6: Báº¿p ban cÃ´ng, sÃ¢n phÆ¡i.
GiÃ¡: 7.65 tá»·.",1,khÃ´ng cÃ³,2000,8000,natB,Gáº§n hÆ¡n ngÆ°á»i yÃªu báº¡n,0,2021-04-29 21:44:00.230977,2021-04-29 21:44:00.231969,2021-07-17 21:44:00.231969
2,NHÃ€ NGUYá»„N Äá»”NG CHI-5T-40M2-OTO Äá»– Cá»”NG-FULL NT,1,ÄÆ°á»ng Nguyá»…n Äá»•ng Chi,PhÆ°á»ng Cáº§u Diá»…n,Quáº­n Nam Tá»« LiÃªm,HÃ  Ná»™i,40.0,390000.0,"ğŸ’BÃN Gáº¤P NHÃ€ NGUYá»„N Äá»”NG CHI - 5T- XÃ‚Y Má»šI Cá»°C Ká»² CHáº®C CHáº®N - 40M2 - OTO Äá»– Cá»”NG - THIáº¾T Káº¾ HIá»†N Äáº I - FULL Ná»˜I THáº¤T Tá»ª A-Z
 âœï¸MÃ” Táº¢ CHI TIáº¾T :
- Diá»‡n tÃ­ch : 40m2 
- Máº·t tiá»n : 3.5m
- PhÃ¡p lÃ½ : sÄ‘cc
- GiÃ¡ : 3.9 tá»· ( bao phÃ­ sang tÃªn ) 
 âœï¸Thiáº¿t káº¿ 5 táº§ng bao gá»“m : 
Táº§ng 1 : phÃ²ng báº¿p + khÃ¡ch + wc
Táº§ng 2 + 3 +4 : má»—i táº§ng 2 phÃ²ng ngá»§ + 1 wc
Táº§ng 5 : phÃ²ng thá» + sÃ¢n phÆ¡i 
 âœï¸ Ná»™i tháº¥t bao gá»“m : báº¿p , tá»§ , giÆ°á»ng , Ä‘iá»u hÃ²a , bÃ n gháº¿ , a-z, .... khÃ¡ch chá»‰ cáº§n Ä‘áº¿n á»Ÿ 
ğŸ’ Vá»‹ trÃ­ vÃ´ cÃ¹ng Ä‘áº¯c Ä‘á»‹a ngay sÃ¡t vinhome HÃ m Nghi, Ä‘Æ°á»£c hÆ°á»Ÿng chá»n tiá»‡n Ã­ch cá»§a vin ,ngoÃ i ra bá»‡nh viá»‡n, trÆ°á»ng há»c, chá»£, siÃªu thá»‹, quÃ¡n xÃ¡ ngay cá»•ng nhÃ .
ğŸ‘‰ An ninh tráº­t táº­t Ä‘áº£m báº£o, nhÃ  thuá»™c khu dÃ¢n trÃ­ cao, toÃ n cÃ¡n bá»™ ngÃ¢n hÃ ng, cÃ´ng an, giÃ¡o viÃªn nÃªn quÃ½ khÃ¡ch mua á»Ÿ thÃ¬ quÃ¡ yÃªn tÃ¢m.
ğŸ‘‰ NhÃ  chá»§ xÃ¢y Ä‘á»ƒ á»Ÿ nÃªn vÃ´ cÃ¹ng cháº¯c cháº¯n, kiÃªn cá»‘. MÃ³ng Ã©p cá»c, khung bÃª tÃ´ng, táº¥t cáº£ váº­t liá»‡u xÃ¢y dá»±ng Ä‘á»u cÃ³ cháº¥t lÆ°á»£ng hÃ ng Ä‘áº§u.
ğŸ‘‰ ToÃ n bá»™ cá»­a, tá»§ báº¿p, cáº§u thang, vÃ¡ch ngÄƒn, sÃ n gá»— Ä‘á»u do 1 tay chá»§ nhÃ  tá»± thiáº¿t káº¿ vÃ  lá»±a chá»n tá»«ng loáº¡i gá»— háº¿t sá»©c tá»‰ má»‰.
* Há»— trá»£ vay vá»‘n ngÃ¢n hÃ ng tá»›i 80% giÃ¡ trá»‹ nhÃ  vá»›i lÃ£i suáº¥t cá»±c tháº¥p",4,khÃ´ng cÃ³,2000,8000,natD, gáº§n BV tÃ¢m tháº§n kinh,1,2021-04-29 21:44:00.230977,2021-04-29 21:44:00.231969,2021-06-17 21:44:00.231969
1,"CÄƒn há»™ Rice city Linh ÄÃ m 68, SÄCC, cÃ²n vay 500tr",3,Linh ÄÃ m,PhÆ°á»ng HoÃ ng Liá»‡t,Quáº­n HoÃ ng Mai,HÃ  Ná»™i,68.0,110000.0,"BÃ¡n gáº¥p cÄƒn há»™ 68m Rice city Linh ÄÃ m HÃ  Ná»™i.
- DT 68m
- Thiáº¿t káº¿ 2 ngá»§ 2 vá»‡ sinh.
- NhÃ  nguyÃªn báº£n
- GiÃ¡ 1,6 tá»· khÃ´ng bao sang tÃªn, hiá»‡n cÃ²n 500tr gÃ³i vay 30k tá»· lÃ£i suáº¥t 5% nÃªn chá»‰ cáº§n 1,1 tá»· lÃ  sá»Ÿ há»¯u ngay cÄƒn há»™.
- ÄÃ£ cÃ³ sá»•.",1,riÃªng,2000,11000,natB,Gáº§n tráº¡i giam,0,2021-04-29 21:44:00.230977,2021-04-29 21:44:00.231969,2021-07-02 21:44:00.231969
2,BÃ¡n nhÃ  TT táº§ng 1 ChÃ¹a LÃ¡ng 1850tr,1,ÄÆ°á»ng ChÃ¹a LÃ¡ng,PhÆ°á»ng LÃ¡ng ThÆ°á»£ng,Quáº­n Äá»‘ng Äa,HÃ  Ná»™i,55.0,185000.0,"Cáº§n bÃ¡n nhÃ  cÄƒn há»™ táº­p thá»ƒ táº§ng 1 (Cá»¥c dá»± trá»¯ quá»‘c gia) phá»‘ ChÃ¹a lÃ¡ng.DTSD 55m2 gá»“m 3 phÃ²ng,phá»¥ báº¿p khÃ©p kÃ­n nhÃ  gáº§n trÆ°á»ng ÄH ngoáº¡i thÆ°Æ¡ng,viá»‡n nhi khu trung tÃ¢m,tiá»‡n Ä‘i láº¡i",1,riÃªng,3000,10000,Nhanh hÆ¡n cÃ¡ch ngÆ°á»i yÃªu cÅ© trá»Ÿ máº·t, gáº§n BV tÃ¢m tháº§n kinh,1,2021-04-29 21:44:00.230977,2021-04-29 21:44:00.231969,2021-06-22 21:44:00.231969
1,BÃ¡n NhÃ  PhÃ¢n LÃ´ Vip - VÄ©nh PhÃºc - Cá»‘ng Vá»‹ -Ba ÄÃ¬nh,1,ÄÆ°á»ng VÄ©nh PhÃºc,PhÆ°á»ng Cá»‘ng Vá»‹,Quáº­n Ba ÄÃ¬nh,HÃ  Ná»™i,39.0,490000.0,"SIÃŠU HIáº¾M - Ã” TÃ” Äá»– Cá»”NG
PHÃ‚N LÃ” - 101 VÄ¨NH PHÃšC - BA ÄÃŒNH - 5 MÃ‰T RA Ã” TÃ” TRÃNH - NGÃ• THÃ”NG KHáº®P NGáº¢- KD ONLINE, á» QUÃ Äá»ˆNH. 
@ ThÃ´ng sá»‘ :
Diá»‡n TÃ­ch : 39m
Cáº¥u TrÃºc : 4 táº§ng
Máº·t tiá»n : 4.75m
HÆ°á»›ng nhÃ  : Nam
GiÃ¡ : 4.9 tá»· ( ThÆ°Æ¡ng LÆ°á»£ng
@ MÃ” Táº¢:
- NhÃ  náº±m á»Ÿ vá»‹ trÃ­ cá»±c Ä‘áº¹p. CÃ¡ch máº·t phá»‘ VÄ©nh PhÃºc 10m, cÃ¡ch Ã´ tÃ´ trÃ¡nh 5m Ã´ tÃ´ trÃ¡nh, dá»«ng Ä‘á»— ngÃ y Ä‘Ãªm, ngÃµ thÃ´ng kháº¯p ngáº£. 
- NhÃ  náº±m trong khu phÃ¢n lÃ´ cho cÃ¡n bá»™ giÃ¡o viÃªn Ba ÄÃ¬nh dÃ¢n trÃ­ cá»±c cao.
- NhÃ  khung cá»™t cá»±c cháº¯c thÃªm nÆ°á»›c sÆ¡n lÃ  nhÆ° má»›i.
@ Thiáº¿t káº¿ :
+ Táº§ng 1: phÃ²ng khÃ¡ch, nhÃ  Ä‘á»ƒ xe, báº¿p vÃ  vs riÃªng biá»‡t.
+ T2,3 má»—i táº§ng 1 phÃ²ng ngá»§ rá»™ng, 1 ngá»§ nhá» vÃ  vá»‡ sinh.
+ T4 phÃ²ng thá» vÃ  sÃ¢n phÆ¡i cá»±c rá»™ng.
@ PhÃ¡p LÃ½ :
- Sá»• Ä‘á» chÃ­nh chá»§ VuÃ´ng, sáºµn sÃ ng giao dá»‹ch.",4,riÃªng,3000,9000,natD,Gáº§n hÆ¡n ngÆ°á»i yÃªu báº¡n,1,2021-04-29 21:44:00.230977,2021-04-29 21:44:00.231969,2021-06-19 21:44:00.231969
2,BÃ¡n nhÃ  Nguyá»…n TrÃ£i Thanh XuÃ¢n 45m2 gáº§n ÄH HÃ  Ná»™i,1,ÄÆ°á»ng Nguyá»…n TrÃ£i,PhÆ°á»ng Thanh XuÃ¢n Nam,Quáº­n Thanh XuÃ¢n,HÃ  Ná»™i,45.0,410000.0,"NhÃ  Ä‘Æ°á»ng Nguyá»…n TrÃ£i quáº­n Thanh XuÃ¢n
DT 45m2, 4 táº§ng, 4 ngá»§, chá»§ má»›i xÃ¢y 2018 nÄƒm cÃ²n má»›i tinh
Vá»‹ trÃ­ Ä‘áº¹p, cÃ¡ch máº·t Ä‘Æ°á»ng Ã´ tÃ´ trÃ¡nh 20m, trÆ°á»›c nhÃ  sÃ¢n chÆ¡i, vÆ°á»n hoa
Khu vá»±c háº¡ táº§ng tá»‘t gáº§n cÃ¡c phá»‘ LÆ°Æ¡ng Tháº¿ Vinh - Triá»u KhÃºc - Tráº§n PhÃº
Sá»• Ä‘á» chÃ­nh chá»§. GiÃ¡ 4.1 tá»· cÃ³ thÆ°Æ¡ng lÆ°á»£ng
LiÃªn há»‡ Mr Máº¡nh Ä‘á»ƒ sá»Ÿ há»¯u ngÃ´i nhÃ  Æ°ng Ã½",1,chung,2000,11000,Nhanh hÆ¡n cÃ¡ch ngÆ°á»i yÃªu cÅ© trá»Ÿ máº·t,Gáº§n hÆ¡n ngÆ°á»i yÃªu báº¡n,0,2021-04-29 21:44:00.230977,2021-04-29 21:44:00.231969,2021-06-18 21:44:00.231969
1,LÃ” GÃ“C XUÃ‚N Äá»ˆNH-6T-45M2-OTO VÃ€O NHÃ€ -NGÃ• THÃ”NG,1,ÄÆ°á»ng XuÃ¢n Äá»‰nh,PhÆ°á»ng XuÃ¢n Äá»‰nh,Quáº­n Báº¯c Tá»« LiÃªm,HÃ  Ná»™i,45.0,460000.0,"ChÃ­nh chá»§ cáº§n bÃ¡n gáº¥p, cÄƒn nhÃ  6 táº§ng,lÃ´ gÃ³c,45m2, full ná»™i tháº¥t , oto vÃ o nhÃ  , ngÃµ thÃ´ng , kd tá»‘t , ngay sÃ¡t khu ngoáº¡i giao Ä‘oÃ n, cÃ´ng viÃªn hoÃ  bÃ¬nh, khu Ä‘áº¡i sá»© quÃ¡n hÃ n quá»‘c.
ğŸ›‘MÃ´ táº£ chi tiáº¿t : 
ğŸ‘‰ Diá»‡n tÃ­ch : 45 m2.
ğŸ‘‰ Máº·t tiá»n : 4m
ğŸ‘‰ PhÃ¡p lÃ½ : sá»• Ä‘á» ,giáº¥y phÃ©p xd, hs thiáº¿t káº¿..
ğŸ‘‰ GiÃ¡ bÃ¡n : 4.6 tá»· cÃ³ gia lá»™c vÃ  bao sang tÃªn.
ğŸ¦Thiáº¿t káº¿ 5 táº§ng bao gá»“m : 
ğŸ‘‰ Táº§ng 1: Ä‘á»ƒ oto+ báº¿p
ğŸ‘‰ Táº§ng 2 : phÃ²ng báº¿p + wc lá»›n
ğŸ‘‰ Táº§ng 3,4,5: má»—i táº§ng 2 phÃ²ng ngá»§,vá»‡ sinh.
ğŸ‘‰ Táº§ng 6 : phÃ²ng thá» + sÃ¢n phÆ¡i .
âŒâŒ Thiáº¿t káº¿ xÃ¢y dá»±ng hiá»‡n Ä‘áº¡i , mang Ä‘áº­m phong cÃ¡ch chÃ¢u Ã¢u táº¥t cáº£ cÃ¡c phÃ²ng Ä‘á»u cÃ³ cá»­a sá»• thÃ´ng thoÃ¡ng Ä‘Ã³n Ã¡nh sÃ¡ng trá»±c tiáº¿p ráº¥t tá»‘t cho sá»©c khoáº».
âŒâŒ Vá»‹ trÃ­ nhÃ  vÃ´ cÃ¹ng Ä‘áº¯c Ä‘á»‹a ngay khu ngoáº¡i giao Ä‘oÃ n,thÃ´ng ra cÃ´ng viÃªn hoÃ  bÃ¬nh, khu Ä‘áº¡i sá»© quÃ¡n hÃ n quá»‘c, cÃ¡ch Ä‘Æ°á»ng xuÃ¢n Ä‘á»‰nh 100 m , Ä‘áº§y Ä‘á»§ cÃ¡c tiá»‡n Ã­ch tá»« trÆ°á»ng, chá»£, cÃ´ng viÃªn, phÃ²ng táº­p,...
âŒâŒ Há»– TRá»¢ TÃ€I CHÃNH LÃŠN Äáº¾N 75% GIÃ TRá»Š NHÃ€ Vá»šI LS Cá»°C THáº¤P.",4,khÃ´ng cÃ³,3000,9000,Nhanh hÆ¡n cÃ¡ch ngÆ°á»i yÃªu cÅ© trá»Ÿ máº·t,Gáº§n tráº¡i giam,0,2021-04-29 21:44:00.230977,2021-04-29 21:44:00.231969,2021-06-30 21:44:00.231969
1,"THÃI HÃ€, DT 42M, MT 4.2M, 5 Táº¦NG, 4.2 Tá»¶, Äáº¸P HIáº¾M",1,ÄÆ°á»ng ThÃ¡i HÃ ,PhÆ°á»ng Trung Liá»‡t,Quáº­n Äá»‘ng Äa,HÃ  Ná»™i,42.0,42000.0,"BÃN NHÃ€ Máº¶T NGÃ• CÃCH PHá» THÃI HÃ€ VÃ€I BÆ¯á»šC CHÃ‚N, NHÃ€ XÃ‚Y ÄÆ¯á»¢C 5 NÄ‚M CÃ’N NHÆ¯ Má»šI, CHá»¦ NHÃ€ MUA NHÃ€ BIá»†T THá»° Cáº¦N BÃN.
 + NhÃ  DT 42m, máº·t tiá»n 5m, xÃ¢y cháº¯c cháº¯n vÃ  cá»±c Ä‘áº¹p, cÃ¡ch phá»‘ ThÃ¡i HÃ , tuyáº¿n phá»‘ Vip chá»‰ vÃ i bÆ°á»›c chÃ¢n.
 + 5 táº§ng, thiáº¿t káº¿ Ä‘áº§y Ä‘á»§ khÃ´ng thiáº¿u gÃ¬, khÃ¡ch mua chá»‰ viá»‡c á»Ÿ ngay.
 + Sá»• cáº¥t kÃ©t, phÃ¡p lÃ½ sáº¡ch sáº½.
 + GiÃ¡ 4.2 tá»·, giÃ¡ tá»‘t so vá»›i thá»‹ trÆ°á»ng khi mua Ä‘Æ°á»£c cÄƒn nhÃ  thÃ´ng sá»‘ Ä‘áº¹p á»Ÿ khu trung tÃ¢m.
Anh chá»‹ cáº§n xem nhÃ  xin liÃªn há»‡ ThÃ¡i Minh, cáº£m Æ¡n anh chá»‹.",4,khÃ´ng cÃ³,2000,11000,natB,Gáº§n hÆ¡n ngÆ°á»i yÃªu báº¡n,1,2021-04-29 21:44:00.230977,2021-04-29 21:44:00.231969,2021-07-15 21:44:00.231969
2,"Máº·t phá»‘ view há»“ TrÃºc Báº¡ch, 45m2, 5 táº§ng, chá»‰ 19 ty",1,ÄÆ°á»ng Tráº¥n VÅ©,PhÆ°á»ng TrÃºc Báº¡ch,Quáº­n Ba ÄÃ¬nh,HÃ  Ná»™i,45.0,1950000.0,"SIÃŠU PHáº¨M Máº¶T Há»’ TRÃšC Báº CH, 45M2, 5 Táº¦NG, Vá»ˆA HÃˆ 2 BÃŠN, KHU Vá»°C Cá»°C HIáº¾M NHÃ€ BÃN.

+ NhÃ  máº·t phá»‘ vá»‰a hÃ¨ 2 bÃªn cá»±c Ä‘áº¹p, Ä‘á»‘i diá»‡n lÃ  há»“ TrÃºc Báº¡ch thoÃ¡ng mÃ¡t, vÃ´ cÃ¹ng sÆ°á»›ng vÃ  Ä‘áº³ng cáº¥p khi á»Ÿ phá»‘ nÃ y.

+ Thiáº¿t káº¿ Ä‘á»§ 5 táº§ng:
- Táº§ng 1: LÃ m báº¿p khÃ¡ch. 
- Táº§ng 2+3+4: 5 phÃ²ng ngá»§ to. Táº§ng 5 lÃ  phÃ²ng thá». 

ğŸ“• PhÃ¡p LÃ½ sá»• Ä‘á» chÃ­nh chá»§, siÃªu Ä‘áº¹p ná»Ÿ háº­u, sáºµn sÃ ng giao dá»‹ch.

ğŸ’° GiÃ¡ chÃ o bÃ¡n : 19.5 tá»·.

â˜ï¸ LiÃªn há»‡ xem NhÃ  : Mr. Lá»£i ( Há»— trá»£ hoÃ n toÃ n MIá»„N PHÃ tá»« xem NhÃ , tÆ° váº¥n PhÃ¡p lÃ½, Há»— trá»£ thá»§ tá»¥c NgÃ¢n hÃ ng... ).",4,chung,2000,10000,á»”n Ä‘á»‹nh,Gáº§n tráº¡i giam,0,2021-04-29 21:44:00.230977,2021-04-29 21:44:00.231969,2021-07-13 21:44:00.231969
1,BÃ¡n nhÃ  má»›i xÃ¢y XuÃ¢n Äá»‰nh - 30x5T - GiÃ¡ 2.95Tá»·,1,ÄÆ°á»ng XuÃ¢n Äá»‰nh,PhÆ°á»ng XuÃ¢n Äá»‰nh,Quáº­n Báº¯c Tá»« LiÃªm,HÃ  Ná»™i,30.0,295000.0,"MÃ´ táº£:
-  NhÃ  vá»«a hoÃ n thiÃªn 2 cÄƒn diá»‡n tÃ­ch 30m2x5Tang, thiáº¿t káº¿ phong cÃ¡ch nhÃ  phá»‘ hiá»‡n Ä‘áº¡i. NgÃµ trÆ°á»›c nhÃ  ráº¥t rá»™ng oto lÆ°á»›t, cÃ¡ch phá»‘ xuÃ¢n Ä‘á»‰nh khoáº£ng 50m, cÃ¡ch Ä‘Æ°á»ng Pháº¡m VÄƒn Äá»“ng khoáº£ng 100m, gáº§n  trÆ°á»ng Ä‘áº¡i há»c tÃ i chÃ­nh, bá»‡nh viá»‡n Nam ThÄƒng Long, Khu Ä‘Ã´ thá»‹ Ciputra...
- Thiáº¿t káº¿:
+ Táº§ng 1: KhÃ¡ch, báº¿p.
+ Táº§ng 2,3,4: 3 phÃ²ng ngá»§, WC
+ Táº§ng 5: PhÃ²ng thá», sÃ¢n phÆ¡i.
Sá»• Ä‘á» Ä‘áº¹p chá»§ cáº¥t á»Ÿ nhÃ .",2,riÃªng,2000,9000,CÃ³ lÃ  Ä‘Æ°á»£c,Gáº§n hÆ¡n ngÆ°á»i yÃªu báº¡n,1,2021-04-29 21:44:00.230977,2021-04-29 21:44:00.231969,2021-07-07 21:44:00.231969
2,Kinh doanh siÃªu Ä‘á»‰nh KDT Xa La.HÃ  ÄÃ´ng diá»‡n tÃ­ch,1,Cáº§u BÆ°Æ¡u,XÃ£ TÃ¢n Triá»u,Huyá»‡n Thanh TrÃ¬,HÃ  Ná»™i,130.0,1570000.0,"Cáº§n bÃ¡n gáº¥p nhÃ  cáº¥p 4 máº·t PHá» HÃ  Ä‘Ã´ng ,KDT XA LA ,THANH TRÃŒ hiá»‡n Ä‘ang cho thuÃª cá»­a hÃ ng thÃ¡ng 15tr 
Dt;130m2
Mt:4m 
ÄÆ°á»ng :12m 
HÆ°á»›ng :tÃ¢y nam 
Khu vá»±c phÃ¡t triá»ƒn,buÃ¢n bÃ¡n táº¥p láº­p,ráº¥t thÃ­ch há»£p lÃ m vÄƒn phÃ²ng ,kho xÆ°á»Ÿng ,vÃ  kinh doanh táº¥t cáº£ cÃ¡c máº·t hÃ ng 
Tiá»‡n Ã­ch xung quanh khÃ´ng thiáº¿u thá»© gÃ¬ ,gáº§n chá»£ ,trÆ°á»ng há»c c1,c2,..bá»‡nh viá»‡n 103 ..
PhÃ¡p lÃ­ :sá»• Ä‘á» chÃ­nh chá»§ ,rÃµ rÃ ng khÃ´ng tranh cháº¥p

GiÃ¡ :15,7 tá»· 

Lh:em NHUNG",2,riÃªng,2000,10000,natB, gáº§n BV tÃ¢m tháº§n kinh,0,2021-04-29 21:44:00.230977,2021-04-29 21:44:00.231969,2021-07-10 21:44:00.231969
1,"BÃ¡n nhÃ  Tháº¡ch BÃ n,Long BiÃªn Ã´tÃ´ Ä‘á»— cá»•ng 60m2 2.8tá»·",1,ÄÆ°á»ng Ngá»c TrÃ¬,PhÆ°á»ng Tháº¡ch BÃ n,Quáº­n Long BiÃªn,HÃ  Ná»™i,60.0,280000.0,"ğŸ‘‰Gia chá»§ bÃ¡n nhÃ  Ngá»c TrÃ¬,Tháº¡ch BÃ n,Long BiÃªn Ã” TÃ” Äá»– Cá»”NG- TRÃNH 50M-CÄ‚N NHÃ€ HIá»†N Äáº I Äáº¸P LONG LANH- KHÃCH CHá»ˆ XÃCH VALY Vá»€ á»- Ná»˜I THáº¤T FULL Äá»’ 700TR
ğŸ‘‰ Vá»‹ trÃ­: Náº±m trÃªn Ä‘á»‹a bÃ n PhÆ°á»ng Tháº¡ch BÃ n sáº§m uáº¥t. Cá»±c gáº§n AEON, SÃ i Ä‘á»“ng, Cá»• Linh, ÄÆ°á»ng 5,  cáº§u VÄ©nh Tuy â€¦., tiá»‡n Ä‘i táº¥t cáº£ cÃ¡c ngáº£ trong thÃ nh phá»‘.Gáº§n trÆ°á»ng cÃ¡c cáº¥p,gáº§n chá»£. quÃ¡ tiá»‡n Ã­ch cho 1 gia Ä‘Ã¬nh muá»‘n á»•n Ä‘á»‹nh.
-CHá»¦ NGÆ¯á»œI VIá»†T KIá»€U - Sá»NG TRá»œI TÃ‚Y NHIá»€U NÄ‚M. 
Style Thiáº¿t káº¿ Ná»™i Tháº¥t ÄÆ¡n Giáº£n- Tinh Táº¿.
Thiáº¿t káº¿:
- Táº§ng 1: PK+ WC+ Tá»§ Äá»ƒ Ä‘á»“, cháº­u rá»­a
- Táº§ng 2,3: PhÃ²ng Ngá»§ +WC
- Táº§ng 4: Báº¿p+ PhÃ²ng Ä‚n ( thoÃ¡ng sáº¡ch trÃ¡nh mÃ¹i )
NhÃ  4 táº§ng - 2 Ban CÃ´ng rá»™ng, thoÃ¡ng Ä‘Ã³n sinh khÃ­. 
Thiáº¿t káº¿ ná»™i tháº¥t hiá»‡n Ä‘áº¡i Ä‘á»§ cÃ´ng nÄƒng. 
NhÃ  cÃ³ cá»•ng riÃªng 21m2 Ä‘á»ƒ xe cá»™ thoáº£i mÃ¡i.
ğŸ“• Sá»• Ä‘áº¹p  ( sáºµn giao dá»‹ch) .giÃ¡ 2.8 tá»· cÃ³ thÆ°Æ¡ng lÆ°á»£ng vá»›i chá»§ nhÃ .
-LiÃªn há»‡: Tháº¯ng miá»…n trung gian mÃ´i giá»›i, Xem nhÃ  Miá»…n phÃ­ hoÃ n toÃ n.",4,chung,2000,9000,CÃ³ lÃ  Ä‘Æ°á»£c,Gáº§n hÆ¡n ngÆ°á»i yÃªu báº¡n,1,2021-04-29 21:44:00.230977,2021-04-29 21:44:00.231969,2021-07-24 21:44:00.231969
2,BÃ¡n cÄƒn há»™ CT3 HUD3 tÃ¢y nam linh Ä‘Ã m,3,linh Ä‘am,PhÆ°á»ng HoÃ ng Liá»‡t,Quáº­n HoÃ ng Mai,HÃ  Ná»™i,83.0,263000.0,"BÃ¡n gáº¥p cÄƒn há»™ CT3 HUD3 tÃ¢y nam linh Ä‘Ã m.
Diá»‡n tich 83m 3 ngá»§ 2 vá»‡ sinh
Full nÃ´i tháº¥t tiá»‡n nghi. gia chá»§ it á»Ÿ cÅ©ng it náº¥u nÆ°á»›ng nÃªn nhÃ  cÃ²n ráº¥t má»›i.
GiÃ¡ 2630 triÃªu
LiÃªn he Mr Tháº¯ng Ä‘á»ƒ xem nhÃ ",4,riÃªng,3000,8000,Nhanh hÆ¡n cÃ¡ch ngÆ°á»i yÃªu cÅ© trá»Ÿ máº·t,Gáº§n tráº¡i giam,1,2021-04-29 21:44:00.230977,2021-04-29 21:44:00.231969,2021-07-20 21:44:00.231969
1,CÄƒn gÃ³c chung cÆ° Kim VÄƒn Kim LÅ© bÃ¡n 2 ngá»§ cÃ³ Ä‘á»“,3,ÄÆ°á»ng Nguyá»…n Xiá»ƒn,PhÆ°á»ng Äáº¡i Kim,Quáº­n HoÃ ng Mai,HÃ  Ná»™i,53.5,107000.0,"Cáº§n bÃ¡n cÄƒn Ä‘áº§u há»“i chung cÆ° Kim VÄƒn Kim LÅ©, HoÃ ng Mai, HÃ  Ná»™i.
Sá»• há»“ng chÃ­nh chá»§.
Diá»‡n tÃ­ch 53.5m2 cÃ³ 2 ngá»§ 2 vá»‡ sinh
Full ná»™i tháº¥t Ä‘áº§y Ä‘á»§",4,chung,2000,10000,Nhanh hÆ¡n cÃ¡ch ngÆ°á»i yÃªu cÅ© trá»Ÿ máº·t,Gáº§n hÆ¡n ngÆ°á»i yÃªu báº¡n,1,2021-04-29 21:44:00.230977,2021-04-29 21:44:00.231969,2021-07-16 21:44:00.231969
1,"nhÃ  5 táº§ng xÃ¢y má»›i phá»‘ tráº¡m ,ngÃµ to oto vÃ o cá»­a",1,ÄÆ°á»ng Phá»‘ Tráº¡m,PhÆ°á»ng Long BiÃªn,Quáº­n Long BiÃªn,HÃ  Ná»™i,42.0,329500.0,"+ nhÃ  5 táº§ng má»›i ,Ä‘ang hoÃ n thiá»‡n 
+vá»‹ trÃ­ trung tÃ¢m phá»‘ tráº¡m .cáº¡nh ngay cáº§u vÄ©nh tuy
+siÃªu thá»‹ aeon,giao thÃ´ng thuáº­n tiá»‡n 
+giÃ¡ 3,295tá»· cÃ³ thÆ°Æ¡ng lÆ°á»£ng 
+liÃªn há»‡ sá»›m Ä‘á»ƒ xem nhÃ  miá»…n phÃ­",3,riÃªng,3000,11000,CÃ³ lÃ  Ä‘Æ°á»£c,Gáº§n hÆ¡n ngÆ°á»i yÃªu báº¡n,0,2021-04-29 21:44:00.230977,2021-04-29 21:44:00.231969,2021-07-09 21:44:00.231969
1,"NhÃ  má»›i Ä‘áº¹p 5tg,34m2, Ä‘áº§u PhÃºc Lá»£i LB. GiÃ¡ sá»‘c 2tá»·",1,ÄÆ°á»ng PhÃºc Lá»£i,PhÆ°á»ng PhÃºc Lá»£i,Quáº­n Long BiÃªn,HÃ  Ná»™i,34.0,200000.0,"NhÃ  má»›i toanh, Ä‘áº¹p lung linh 34m2, XÃ¢y 5 táº§ng cháº¯c cháº¯n. Gáº§n Ä‘Æ°á»ng lá»›n PhÃºc Lá»£i. Äang hoÃ n thiá»‡n 98% , sáºµn sÃ ng chá» Ä‘Ã³n chá»§ nhÃ¢n má»›i giÃ¡m sÃ¡t cháº¥t lÆ°á»£ng vÃ  cáº¯t bÄƒng khÃ¡nh thÃ nh.
 -Thiáº¿t káº¿ cÃ´ng nÄƒng cá»±c ká»³ há»£p lÃ½. NhÃ  thoÃ¡ng mÃ¡t, Ã¡nh sÃ¡ng tran hÃ²a.TrÃ n ngáº­p sinh khÃ­.
- NhÃ  náº±m á»Ÿ vá»‹ trÃ­ gáº§n Ä‘Æ°á»ng lá»›n PhÃºc Lá»£i vá» phÃ­a khu ÄTM Viá»‡t HÆ°ng vÃ  Vinhome. Háº¡ táº§ng tá»‘t, Ä‘i Ä‘Ã¢u cÅ©ng tiá»‡n.
- CÃ¡ch 200 cÃ³ trÆ°á»ng há»c cáº¥p 2, 400m cÃ³ trÆ°á»ng máº§m non Ä‘áº¹p hiá»‡n Ä‘áº¡i. BÃ¡n kÃ­nh 1km chá»£, trÆ°á»ng, tráº¡m y táº¿ Ä‘á»§ cáº£.

Chá»§ nhÃ  Ä‘ang cáº§n tiá»n gáº¥p, xáº£ giÃ¡ sáº­p sÃ n chá»‰ cÃ²n 2tá»· - cÃ³ thÆ°Æ¡ng lÆ°á»£ng nháº¹.

NhÃ  Ä‘áº¹p giÃ¡ Ä‘áº¹p nÃªn bay nhanh láº¯m. HÃ£y liÃªn há»‡ DÅ©ng ngay Ä‘á»ƒ chá»›p láº¥y cÆ¡ há»™i cÃ³ 102 nÃ y nhÃ©. ( MÃ¬nh lÃ  DÅ©ng Ä‘Ã£ trung tuá»•i nÃªn Lv ráº¥t trung thá»±c vÃ  trÃ¡ch nhiá»‡m)",2,riÃªng,3000,9000,Nhanh hÆ¡n cÃ¡ch ngÆ°á»i yÃªu cÅ© trá»Ÿ máº·t,Gáº§n tráº¡i giam,0,2021-04-29 21:44:00.230977,2021-04-29 21:44:00.231969,2021-06-17 21:44:00.231969
2,BÃ¡n 47m Ä‘áº¥t Ä‘áº¹p 2 máº·t thoÃ¡ng Ä‘Æ°á»ng La DÆ°Æ¡ng.,0,ÄÆ°á»ng La DÆ°Æ¡ng,PhÆ°á»ng DÆ°Æ¡ng Ná»™i,Quáº­n HÃ  ÄÃ´ng,HÃ  Ná»™i,47.0,220000.0,"chá»‰ 2.2 tá»· cÃ³ ngay máº£nh Ä‘áº¥t 47m Ä‘áº¹p 2 máº·t thoÃ¡ng gáº§n AEON HÃ  ÄÃ”ng.
- Ä‘áº¥t Ä‘Ã£ cÃ³ sá»• vuÃ´ng váº¯n ko tranh cháº¥p khu vá»±c ráº¥t phÃ¡t triá»ƒn .
_ máº£nh Ä‘áº¥t gáº§n khu Ä‘áº¥t dá»‹ch vá»¥ liá»n ká» La DÆ°Æ¡ng dÃ¢n cÆ° Ä‘Ã´ng Ä‘Ãºc Ä‘Æ°á»ng thoÃ¡ng  thÃ´ng vá»›i nhiá»u trá»¥c Ä‘Æ°á»ng lá»›n,gáº§n trÆ°á»ng há»c vÃ  chá»£ dÃ¢n xinh.
_xung quanh cÆ¡ sá»Ÿ háº¡ táº§ng tá»‘t gáº§n khu biá»‡t thá»± vÃ  nhÃ  liá»n ká» Geleximcol.
_ giÃ¡ cÃ³ thÆ°Æ¡ng lÆ°á»£ng LH Mr MR TrÆ°á»ng Ä‘á»ƒ xem Ä‘áº¥t vÃ  tÆ° váº¥n miá»…n phÃ­.",2,khÃ´ng cÃ³,2000,9000,CÃ³ lÃ  Ä‘Æ°á»£c,Gáº§n tráº¡i giam,1,2021-04-29 21:44:00.230977,2021-04-29 21:44:00.231969,2021-07-05 21:44:00.231969
2,BÃ¡n nhÃ  Thanh Liá»‡t 40m2x4T giÃ¡ 3.65 tá»· kinh doanh,1,ÄÆ°á»ng Thanh Liá»‡t,XÃ£ Thanh Liá»‡t,Huyá»‡n Thanh TrÃ¬,HÃ  Ná»™i,40.0,365000.0,"BÃ¡n nhÃ  Thanh Liá»‡t quáº­n HoÃ ng Mai thÃ´ng Kim Giang, gáº§n Linh ÄÃ m ngÃµ Ã´ tÃ´ kinh doanh 
+ NhÃ  40m2, 4 táº§ng, 4 ngá»§, xÃ¢y 2010, thiáº¿t káº¿ thoÃ¡ng, cÃ³ ban cÃ´ng
+ Máº·t ngÃµ thÃ´ng, rá»™ng 3.5m, kinh doanh, Ã´ tÃ´, máº·t phá»‘ 30m
+ Gáº§n chá»£ Quang,  KÄT CÃ´ng ViÃªn Chu VÄƒn An, há»“ Ä‘iá»u hÃ²a Linh ÄÃ m
+ Sá»• Ä‘á» chÃ­nh chá»§. GiÃ¡ 3.65 tá»· cÃ³ gia lá»™c.
LiÃªn há»‡ Mr Máº¡nh  Ä‘á»ƒ xem nhÃ ",4,chung,2000,9000,á»”n Ä‘á»‹nh,Gáº§n tráº¡i giam,0,2021-04-29 21:44:00.230977,2021-04-29 21:44:00.231969,2021-07-20 21:44:00.231969
1,Sang nhÆ°á»£ng quÃ¡n Äƒn,2,vÅ© tháº¡nh,PhÆ°á»ng CÃ¡t Linh,Quáº­n Äá»‘ng Äa,HÃ  Ná»™i,60.0,200000.0,"Dá»± Ã¡n: quÃ¡n Äƒn
ThÃ´ng tin chi tiáº¿t: QuÃ¡n á»Ÿ khu Ä‘Ã´ng vÄƒn phÃ²ng , báº¿p má»Ÿ . Táº¥t cáº£ sáºµn sÃ ng Ä‘á»ƒ hoáº¡t Ä‘á»™ng",3,khÃ´ng cÃ³,2000,10000,CÃ³ lÃ  Ä‘Æ°á»£c,hasagi,0,2021-04-29 21:44:00.230977,2021-04-29 21:44:00.231969,2021-06-19 21:44:00.231969
2,NHÃ€ XUÃ‚N Äá»ˆNH-6T-35M2- OTO VÃ€O NHÃ€ -KINH DOANH Tá»T,1,ÄÆ°á»ng XuÃ¢n Äá»‰nh,PhÆ°á»ng XuÃ¢n Äá»‰nh,Quáº­n Báº¯c Tá»« LiÃªm,HÃ  Ná»™i,35.0,370000.0,"ChÃ­nh chá»§ bÃ¡n nhÃ  xÃ¢y má»›i siÃªu hÃ³t táº¡i xuÃ¢n Ä‘á»‰nh ,ngoáº¡i giao Ä‘oÃ n ,6 táº§ng, 35 m2, full ná»™i tháº¥t ,Ä‘Æ°á»ng to thÃ´ng cÃ¡c ngáº£ ,oto vÃ o nhÃ , thÃ­ch há»£p kinh doanh cÃ¡c máº·t hÃ ng, giÃ¡ bÃ¡n chá»‰ nhá»‰nh 3 tá»· , Ä‘áº·c biá»‡t chÃ­nh sÃ¡ch Æ°u Ä‘Ã£i quÃ½ khÃ¡ch cÃ³ thá»ƒ thanh toÃ¡n tiá»n theo tiáº¿n Ä‘á»™ xÃ¢y dá»±ng. Chá»‰ cáº§n 500 tr tráº£ trÆ°á»›c ,sá»‘ cÃ²n láº¡i tráº£ theo tiáº¿n Ä‘á»™, cdt cÃ³ há»— trá»£ bank vá»›i lÃ£i xuáº¥t cá»±c tháº¥p .
ğŸŒ‰ ThÃ´ng tin chi tiáº¿t nhÃ  : 
------------------------
ğŸ—ï¸ Diá»‡n tÃ­ch : 35 m2
ğŸ—ï¸ Máº·t tiá»n : 3,9 m
ğŸ—ï¸ HÆ°á»›ng : Ä‘Ã´ng 
ğŸ—ï¸GiÃ¡ : 3,7 tá»· ( bao phÃ­ sang tÃªn )
ğŸ—ï¸ PhÃ¡p lÃ½: sá»• Ä‘á», giáº¥y phÃ©p xd, hs thiáº¿t káº¿.
ğŸ—ï¸ XÃ¢y dá»±ng gá»“m 5 táº§ng ,1 tum trong Ä‘Ã³:
ğŸ‘‰ Táº§ng 1: kinh doanh,hoáº·c lÃ m gara oto, báº¿p
ğŸ‘‰ Táº§ng 2: phÃ²ng khÃ¡ch, vs vÃ­p
ğŸ‘‰ Táº§ng 3,4,5 : má»—i táº§ng 1 p.ngá»§, vs vip
ğŸ‘‰ Táº§ng 6: p.thá» ,sÃ¢n phÆ¡i.
ğŸ—ï¸ Ná»™i tháº¥t trong nhÃ  trang bá»‹ Ä‘áº§y Ä‘á»§, toÃ n hÃ ng cao cáº¥p khÃ¡ch mua á»Ÿ chá»‰ cÃ³ thÃ­ch mÃª.
ğŸ—ï¸ Hiá»‡n táº¡i gd bÃ¡n vá»›i giÃ¡ cá»±c ráº», quÃ½ khÃ¡ch nÃªn táº­n dá»¥ng cÆ¡ há»™i nÃ y vÃ¬ sáº½ ko cÃ³ cÄƒn t2 á»Ÿ vá»‹ trÃ­ nÃ y vÃ  giÃ¡ tiá»n nÃ y Ä‘Ã¢u .",1,riÃªng,2000,10000,á»”n Ä‘á»‹nh,Gáº§n tráº¡i giam,1,2021-04-29 21:44:00.230977,2021-04-29 21:44:00.231969,2021-06-26 21:44:00.231969
1,"nhÃ  Ä‘áº¹p ngÃµ Ä‘á»‘i diá»‡n siÃªu thá»‹ aeon ,oto Ä‘á»— cá»­a",1,ÄÆ°á»ng ÄÃ m Quang Trung,PhÆ°á»ng PhÃºc Äá»“ng,Quáº­n Long BiÃªn,HÃ  Ná»™i,32.3,239500.0,"+nhÃ  Ä‘áº¹p má»›i xÃ¢y ,ngÃµ chÃ­nh oto trÃ¡nh nhau Ä‘á»‘i diá»‡n siÃªu thá»‹ aeon 
+ngÃµ nhÃ  oto vÃ o gáº§n cá»­a
+vá»‹ trÃ­ cá»±c Ä‘áº¹p giao thÃ´ng thuáº­n tiá»‡n nhiá»u tiá»‡n Ã­ch
+giÃ¡ 2.395 tá»· cÃ³ thÆ°Æ¡ng lÆ°á»£ng 
+liÃªn há»‡ sá»›m Ä‘á»ƒ cÃ³ nhÃ  Ä‘áº¹p vá»‹ trÃ­ cá»±c hiáº¿m nÃ y !",2,riÃªng,2000,11000,á»”n Ä‘á»‹nh,Gáº§n hÆ¡n ngÆ°á»i yÃªu báº¡n,0,2021-04-29 21:44:00.230977,2021-04-29 21:44:00.231969,2021-06-20 21:44:00.231969
2,Máº·t Ä‘Æ°á»ng KhÆ°Æ¡ng Trung Ä‘á»‘i diá»‡n THCS Nguyá»…n TrÃ£i,1,ÄÆ°á»ng KhÆ°Æ¡ng Trung,PhÆ°á»ng KhÆ°Æ¡ng Trung,Quáº­n Thanh XuÃ¢n,HÃ  Ná»™i,26.8,420000.0,"ChÃ­nh chá»§ cáº§n bÃ¡n nhÃ  sá»‘ 191 máº·t Ä‘Æ°á»ng KhÆ°Æ¡ng Trung. Toáº¡ láº¡c táº¡i vá»‹ trÃ­ Ä‘áº¯c lá»£i, Ä‘áº¹p nháº¥t khu phá»‘, Ä‘á»‘i diá»‡n cá»•ng sau trÆ°á»ng THCS Nguyá»…n TrÃ£i nÃªn ráº¥t thoÃ¡ng rá»™ng, Ä‘á»ƒ xe thoáº£i mÃ¡i. 
Hiá»‡n táº¡i Ä‘ang cho thuÃª kinh doanh ráº¥t cÃ³ lá»™c buÃ´n bÃ¡n. 
NhÃ  cÃ³ 4 táº§ng vÃ  1 gÃ¡c lá»­ng:
- Táº§ng 1: máº·t báº±ng kinh doanh.
- GÃ¡c lá»­ng cÃ³ 1 phÃ²ng vÃ  1 khu thay Ä‘á»“ 
- Táº§ng 2,3: cÃ³ 1 pn + wc.
- Táº§ng 4: khu báº¿p vÃ  sÃ¢n giáº·t phÆ¡i.",4,chung,3000,11000,natD,Gáº§n tráº¡i giam,1,2021-04-29 21:44:00.230977,2021-04-29 21:44:00.231969,2021-07-21 21:44:00.231969
1,Cáº§n BÃ¡n CHCC 80m2 â€“ 2PN â€“ Táº¡i tÃ²a OCT 3 Handiresco,3,ÄÆ°á»ng Pháº¡m VÄƒn Äá»“ng,PhÆ°á»ng Cá»• Nhuáº¿ 2,Quáº­n Báº¯c Tá»« LiÃªm,HÃ  Ná»™i,79.0,174000.0,"Cáº§n BÃ¡n CHCC 80m2 â€“ 2PN â€“ Táº¡i tÃ²a OCT 3 Handiresco Cá»• Nhuáº¿, 09876.97097.
- Diá»‡n tÃ­ch : 80 m2 .
- CÃ³ sá»• Ä‘á» chÃ­nh chá»§.
- HÆ°á»›ng + Cá»­a chÃ­nh : TÃ‚Y , Ban cÃ´ng ÄÃ”NG.
- Thiáº¿t káº¿ : + 2 PhÃ²ng ngá»§,
+ 2 vá»‡ sinh,
+ 1 phÃ²ng khÃ¡ch,
+ 1 khu vá»±c báº¿p.
NhÃ  xÃ¡c Ä‘á»‹nh á»Ÿ lÃ¢u dÃ i nÃªn má»›i tu sá»­a vÃ i nÄƒm, vÃ  ráº¥t giá»¯ gÃ¬n, co thá»ƒ vá» á»Ÿ ngay.
-Vá»‹ trÃ­ : giao thÃ´ng thuáº­n tiá»‡n gáº§n cÃ¡c Ä‘Æ°á»ng Pháº¡m VÄƒn Äá»“ng, Cá»• Nhuáº¿, XuÃ¢n Äá»‰nh, khÃ´ng gian Ä‘i bá»™ lÃ½ tÆ°á»Ÿng.
- Tiá»‡n Ã­ch : Khu Ä‘Ã´ thá»‹ AN TOÃ€N, THÃ‚N THIá»†N, Ä‘á»‘i diá»‡n cÃ´ng viÃªn HÃ²a BÃ¬nh, gáº§n Mega Market, trÆ°á»ng máº§m non vÃ  trÆ°á»ng cáº¥p 1, 2 Cá»• Nhuáº¿
GiÃ¡ : 1.75 tá»‰ ( bao phÃ­ sang tÃªn). 
LiÃªn há»‡ xem nhÃ  : mr Uy Ly ( miá»…n trung gian mÃ´i giá»›i )
Hotline : 09876.97097 (zl)",4,chung,3000,10000,Nhanh hÆ¡n cÃ¡ch ngÆ°á»i yÃªu cÅ© trá»Ÿ máº·t,hasagi,0,2021-04-29 21:44:00.230977,2021-04-29 21:44:00.231969,2021-06-30 21:44:00.231969
2,Cáº¦N MUA Gáº¤P NHÃ€ á» MAI Dá»ŠCH DT45M2 3.4 Táº¦NG,1,ÄÆ°á»ng Há»“ TÃ¹ng Máº­u,PhÆ°á»ng Mai Dá»‹ch,Quáº­n Cáº§u Giáº¥y,HÃ  Ná»™i,50.0,450000.0,"TÃ´i CÃ´ng chá»©c nhÃ  nÆ°á»›c, cáº§n mua gáº¥p nhÃ  á»Ÿ xÃ¢y kiÃªn cá»‘, rá»™ng, thoÃ¡ng, khÃ´ng cáº§n nhiá»u phÃ²ng ngá»§. ngÃµ Ä‘i láº¡i rá»™ng, thÃ´ng thoÃ¡ng quanh khu vá»±c há»“ tÃ¹ng máº­u, mai dá»‹ch, cáº§u diá»…n....",1,chung,3000,9000,natB,Gáº§n tráº¡i giam,0,2021-04-29 21:44:00.230977,2021-04-29 21:44:00.231969,2021-07-22 21:44:00.231969
2,"NhÃ  má»›i Ä‘áº¹p Tháº¡ch bÃ n, 20m oto trÃ¡nh , 5t, 33m,MT4",1,ÄÆ°á»ng Ngá»c TrÃ¬,PhÆ°á»ng Tháº¡ch BÃ n,Quáº­n Long BiÃªn,HÃ  Ná»™i,33.0,235000.0,"NhÃ  má»›i Ä‘áº¹p, xÃ¢y 5 táº§ng cháº¯c chÄƒn. Dtich 33m2, MT 4m. NgÃµ thÃ´ng kháº¯p nÆ¡i, vÃ i trÄƒm mÃ©t ra  Ä‘Æ°á»ng cá»• Linh, cÃ¡ch háº§m thÃ´ng cao tá»‘c HN-HP mÃ³i thÃ´ng xe chá»‰ 500m, cÃ¡ch Sthi AEON 700m. TrÆ°á»ng há»c, cÃ´ng sá»Ÿ.Ä‘áº§y Ä‘á»§ trong bÃ¡n kÃ­nh 1km. Cá»±c tiá»‡n.

Vá»‹ trÃ­ nhÃ  náº±m trong khu vá»±c trung tÃ¢m phÆ°á»ng Tháº¡ch BÃ n phÃ¡t triá»ƒn, sÃ´i Ä‘á»™ng tá»«ng ngÃ y nÃªn ráº¥t Ä‘Ã¡ng Ä‘á»ƒ báº¡n cÃ¢n nháº¯c an cÆ°.
- NhÃ  thiáº¿t káº¿ cÃ´ng nÄƒng cá»±c ká»³ há»£p lÃ½, Ã¡nh sÃ¡ng tran hÃ²a, trÃ n Ä‘áº§y sinh khÃ­.

- Sá»• Ä‘á» chÃ³i chang sáºµn sÃ ng giao dá»‹ch. Ä‘áº¥t vuÃ´ng váº¯n, ná»Ÿ háº­u.

Covid cÃ n quÃ©t, chá»§ nhÃ  lo cháº¡y ná»£ nÃªn ráº¥t thiá»‡n chÃ­ bÃ¡n,xáº£ nhanh giÃ¡ sáº­p sÃ n, chá»‰ 2,35 tá»· ( cÃ³ thÆ°Æ¡ng lÆ°á»£ng).

Nhanh tay liÃªn há»‡ vá»›i DÅ©ng Ä‘á»ƒ chá»›p cÆ¡ há»™i sá»Ÿ há»¯u cÄƒn nhÃ  ngon cÃ³ 102 nÃ y nhÃ© ( mÃ¬nh lÃ  DÅ©ng- chuyÃªn BÄS kvuc phÃ­a Ä‘Ã´ng HN, trung tuá»•i nÃªn lÃ m lv ráº¥t cÃ³ trÃ¡ch nhiá»‡m&Ä‘Äƒng tin xÃ¡c thá»±c, tÆ° váº¥n táº­n tÃ¢m)",4,chung,3000,8000,natB,Gáº§n hÆ¡n ngÆ°á»i yÃªu báº¡n,0,2021-04-29 21:44:00.230977,2021-04-29 21:44:00.231969,2021-06-21 21:44:00.231969
2,"SIÃŠU PHÃ‚Ì‰M AN DÆ¯Æ NG VÆ¯Æ NG LÃ” GOÌC 42M GIAÌ 3,5 TYÌ‰",1,ÄÆ°á»ng An DÆ°Æ¡ng VÆ°Æ¡ng,PhÆ°á»ng ÄÃ´ng Ngáº¡c,Quáº­n Báº¯c Tá»« LiÃªm,HÃ  Ná»™i,42.0,350000.0,"Dá»± Ã¡n: Ä‘Æ°Æ¡Ì€ng an dÆ°Æ¡ng vÆ°Æ¡ng.
          ThÃ´ng tin chi tiáº¿t: BAÌN SIÃŠU PHÃ‚Ì‰M AN DÆ¯Æ NG VÆ¯Æ NG,NHAÌ€ MÆ ÌI XÃ‚Y 2019 LÃ” GÃ“C, Ná» Háº¬U,THIáº¾T Káº¾ Äáº¸P, Ná»˜I THáº¤T Xá»ŠN  6 TÃ‚Ì€NG 42M GIAÌ 3,5 TYÌ‰
mÃ´ taÌ‰!
- Vá»‹ trÃ­: Gáº§n phá»‘, cáº§u ThÄƒng Long, Sunshine City, Trung TÃ¢m ThÆ°Æ¡ng Máº¡i báº­c nháº¥t...NhÃ  cÃ¡ch Ä‘Æ°á»ng Ã´ tÃ´ trÃ¡nh 10m, cÃ¡ch máº·t phá»‘ An DÆ°Æ¡ng 40m.
- Thiáº¿t káº¿: 
+ Táº§ng 1: KhÃ¡ch, báº¿p, vs.
+ Táº§ng 2,3,4 má»—i táº§ng 1 phÃ²ng, vs khÃ©p kÃ­n.
+ Táº§ng 5: PhÃ²ng thá», lavabo rá»­a Ä‘á»“ tháº¯p hÆ°Æ¡ng.
+ Táº§ng 6: trá»“ng hoa.
+ sÃ´Ì‰ Ä‘oÌ‰ nÆ¡Ì‰ hÃ¢Ì£u,phaÌp lyÌ roÌƒ raÌ€ng.
+ giaÌ 3,5 tyÌ‰ coÌ thÆ°Æ¡ng lÆ°Æ¡Ì£ng maÌ£nh
+ liÃªn hÃªÌ£: Ä‘ÃªÌ‰ Ä‘Æ°Æ¡Ì£c tÆ° vÃ¢Ìn vaÌ€ xem nhaÌ€ miÃªÌƒn phiÌ",1,khÃ´ng cÃ³,2000,11000,á»”n Ä‘á»‹nh,hasagi,1,2021-04-29 21:44:00.230977,2021-04-29 21:44:00.231969,2021-06-21 21:44:00.231969
1,BÃ¡n cÄƒn há»™ rice city tÃ¢y nam linh Ä‘Ã m 70m 1830tr,3,KÄT má»›i TÃ¢y Nam Linh ÄÃ m,PhÆ°á»ng HoÃ ng Liá»‡t,Quáº­n HoÃ ng Mai,HÃ  Ná»™i,70.0,183000.0,"BÃ¡n gáº¥p cÄƒn há»™ rice city tÃ¢y nam linh Ä‘Ã m 
70m 2 ngá»§ 2 vá»‡ sinh
Ná»™i tháº¥t Ä‘áº§y Ä‘á»§ chá»‰ viá»‡c á»Ÿ ngay
Sá»• Ä‘á» chÃ­nh chá»§
Gia 1830  triá»‡u.
Xem nhÃ  buá»•i tá»‘i xin cáº£m Æ¡n.",2,riÃªng,3000,11000,Nhanh hÆ¡n cÃ¡ch ngÆ°á»i yÃªu cÅ© trá»Ÿ máº·t,Gáº§n tráº¡i giam,1,2021-04-29 21:44:00.230977,2021-04-29 21:44:00.231969,2021-07-04 21:44:00.231969
2,"ChÃ­nh chá»§ cáº§n bÃ¡n gáº¥p Ä‘áº¥t 50m2  DÆ°Æ¡ng Ná»™i, HÃ  ÄÃ´ng",0,ÄÆ°á»ng Trung KiÃªn,PhÆ°á»ng DÆ°Æ¡ng Ná»™i,Quáº­n HÃ  ÄÃ´ng,HÃ  Ná»™i,50.0,500000.0,"- Äá»‹a chá»‰ : sá»‘ nhÃ  45, tá»• dÃ¢n phá»‘ Trung KiÃªn, phÆ°á»ng DÆ°Æ¡ng Ná»™i, quáº­n HÃ  ÄÃ´ng, HN
- Vá»‹ trÃ­: liá»n ká» khu Ä‘Ã´ thá»‹ Geleximco; gáº§n chá»£ La Cáº£; trÆ°á»ng Äáº¡i há»c kiá»ƒm sÃ¡t HÃ  Ná»™i. Thuáº­n tiá»‡n giao thÃ´ng khu vá»±c LÃª Trá»ng Táº¥n; Äáº¡i lá»™ ThÄƒng Long vÃ  Tá»‘ Há»¯u.
- Khu vá»±c dÃ¢n trÃ­ cao, hÃ ng xÃ³m thÃ¢n thiá»‡n, an ninh tá»‘t.
- GiÃ¡ 2,5 tá»· (CÃ³ thá»a thuáº­n )
- LiÃªn há»‡: ChÃº Diá»‡n sÄ‘t 0904.651.286",3,chung,3000,11000,Nhanh hÆ¡n cÃ¡ch ngÆ°á»i yÃªu cÅ© trá»Ÿ máº·t,Gáº§n tráº¡i giam,0,2021-04-29 21:44:00.230977,2021-04-29 21:44:00.231969,2021-07-22 21:44:00.231969
2,"BÃ¡n nhÃ  cáº§u giáº¥y,40m 5táº§ng 6ngá»§ Ä‘áº§y Ä‘á»§ tiá»‡n nghi",1,Tráº§n ThÃ¡i TÃ´ng,PhÆ°á»ng Dá»‹ch Vá»ng Háº­u,Quáº­n Cáº§u Giáº¥y,HÃ  Ná»™i,40.0,450000.0,"nhÃ  náº±m trÃªn phá»‘ Tráº§n ThÃ¡i TÃ´ng, khu vá»±c dÃ¢n cÆ° Ä‘Ã´ng Ä‘Ãºc, kinh doanh sáº§m uáº¥t
gáº§n nhiá»u trÆ°á»ng Ä‘áº¡i há»c, Äh Quá»‘c Gia, Äh SÆ° Pháº¡m, Hv BÃ¡o ChÃ­, vÃ  nhiá»u trÆ°á»ng cáº¥p 1,2,3 ná»•i tiáº¿ng
ngÃµ thÃ´ng gáº§n phá»‘ Tráº§n Quá»‘c VÆ°Æ¡ng, Cáº§u Giáº¥y, Dá»‹ch Vá»ng Háº­u...
nhÃ  thiáº¿t káº¿ 5 táº§ng hiá»‡n Ä‘áº¡i cÃ³ giáº¿ng trá»i ráº¥t thoÃ¡ng mÃ¡t
sá»• vuÃ´ng Ä‘áº¹p, phÃ¡p lÃ½ rÃµ rÃ ng sáºµn sÃ ng giao dá»‹ch
HÃ¬nh áº£nh chÃ­nh xac 100â„…
khÃ´ng tiáº¿p bÃ¡o máº¡ng, miá»…n trung gian
liÃªn há»‡ trá»±c tiáº¿p Ä‘á»ƒ Ä‘Æ°á»£c xem nhÃ  miá»…n phÃ­",4,khÃ´ng cÃ³,3000,10000,á»”n Ä‘á»‹nh, gáº§n BV tÃ¢m tháº§n kinh,0,2021-04-29 21:44:00.230977,2021-04-29 21:44:00.231969,2021-07-02 21:44:00.231969
2,"BÃN Äáº¤T  PHá» Láº C THI, 44M2, Ã” TÃ” Äá»– Cá»¬A, 1.7Tá»¶",0,ÄÆ°á»ng Láº¡c Thá»‹,XÃ£ Ngá»c Há»“i,Huyá»‡n Thanh TrÃ¬,HÃ  Ná»™i,44.0,170000.0,"+  Máº¢NH Äáº¤T 44M2, Máº¶T TIá»€N 5.3M â€“ NGÃ• Rá»˜NG 4M â€“ NGÃ• THÃ”NG BÃ€N Cá»œ Náº°M Táº I Äá»˜I 4 Láº C THá»Š - Ã” TÃ” Äá»– Cá»¬A â€“ SÃT KHU TÃI Äá»ŠNH CÆ¯ Láº C THá»Š - TÆ¯Æ NG LAI Ráº NG NGá»œI
  + Thá»­a Ä‘áº¥t rá»™ng, máº·t tiá»n Ä‘áº¹p, mua Ä‘áº§u tÆ° hay xÃ¢y nhÃ  Ä‘á»u ráº¥t Ä‘áº¹p. Ráº¥t gáº§n UBND xÃ£, gáº§n trÆ°á»ng tiá»ƒu há»c cÃ¡c cáº¥p. SÃ¡t khu tÃ¡i Ä‘á»‹nh cá»± Láº¡c Thá»‹ nÃªn thá»«a hÆ°á»Ÿng má»i tiá»‡n Ã­ch cá»§a khu nÃ y
   + Sá»• Ä‘áº¹p, khÃ´ng lá»—i. sáºµn sÃ ng giao dá»‹ch
     + GÃ­a 1.7 tá»· cÃ³ gia lá»™c
 LiÃªn há»‡ Mr TuÃ¢n",1,riÃªng,2000,11000,Nhanh hÆ¡n cÃ¡ch ngÆ°á»i yÃªu cÅ© trá»Ÿ máº·t,Báº¿n xe bus,1,2021-04-29 21:44:00.230977,2021-04-29 21:44:00.231969,2021-07-08 21:44:00.231969
2,Chung cÆ° The Terra An HÆ°ng 90mÂ² 3PN,3,"ÄÆ°á»ng Tá»‘ Há»¯u, PhÆ°á»ng La KhÃª, HÃ  ÄÃ´ng, HÃ  Ná»™i",PhÆ°á»ng La KhÃª,Quáº­n HÃ  ÄÃ´ng,HÃ  Ná»™i,90.0,240000.0,"Cáº§n chuyá»ƒn nhÆ°á»£ng cÄƒn há»™ 2309 toÃ  B2. 90m2, 3 phÃ²ng ngá»§, 2vs, 2 ban cÃ´ng. View cÃ´ng viÃªn thiÃªn vÄƒn há»c. CÄƒn há»™ chÃ­nh chá»§, Ä‘á»“ng Ã½ qua mÃ´i giá»›i miá»…n lÃ  phÃ¹ há»£p. LiÃªn há»‡ Lan Anh",1,riÃªng,2000,9000,natB,hasagi,1,2021-04-29 21:44:00.230977,2021-04-29 21:44:00.231969,2021-07-27 21:44:00.231969
1,Shophouse Him Lam Váº¡n PhÃºc - 84 Nguyá»…n Thanh BÃ¬nh,2,34 ÄÆ°á»ng Tá»‘ Há»¯u,PhÆ°á»ng Váº¡n PhÃºc,Quáº­n HÃ  ÄÃ´ng,HÃ  Ná»™i,91.0,1399900.0,"Shophouse Him Lam Váº¡n PhÃºc - 84 Nguyá»…n Thanh BÃ¬nh (Tá»‘ Há»¯u) , PhÆ°á»ng Váº¡n PhÃºc, Quáº­n HÃ  ÄÃ´ng, ThÃ nh Phá»‘ HÃ  Ná»™i.

Vá»‹ trÃ­: Náº±m trÃªn trá»¥c Ä‘Æ°á»ng Tá»‘ Há»¯u â€“ LÃª VÄƒn LÆ°Æ¡ng, cáº¡nh ngÃ£ tÆ° Tá»‘ Há»¯u â€“ Váº¡n PhÃºc.

Diá»‡n tÃ­ch: 84,45mÂ² â€“126,11mÂ².

Máº·t tiá»n: 100% cÄƒn Shophouse sá»Ÿ há»¯u 02 máº·t tiá»n rá»™ng 6,5m â€“ 8,5m.

Cáº¥u trÃºc 06 táº§ng:

Táº§ng 1: Kinh doanh & Ä‘á»ƒ xe
Táº§ng 2: Kinh doanh & sinh hoáº¡t
Táº§ng 3: PhÃ²ng Äƒn & báº¿p
Táº§ng 4: PhÃ²ng khÃ¡ch & phÃ²ng ngá»§
Táº§ng 5: PhÃ²ng ngá»§ 2 & phÃ²ng ngá»§ 3
Táº§ng 6: PhÃ²ng thá» vÃ  sÃ¢n phÆ¡i hoáº·c má»¥c Ä‘Ã­ch khÃ¡c
Tiá»‡n Ã­ch: Liá»n ká» TrÆ°á»ng Quá»‘c táº¿ Nháº­t Báº£n liÃªn cáº¥p, dá»… dÃ ng tiáº¿p cáº­n tuyáº¿n metro CÃ¡t Linh â€“ HÃ  ÄÃ´ng, tuyáº¿n bus nhanh BRT, Aeon Mall, Co.op Mart, Big C, SÃ¢n bay Quá»‘c táº¿ Ná»™i BÃ i, Bá»‡nh viá»‡n QuÃ¢n Y 103, ThiÃªn ÄÆ°á»ng Báº£o SÆ¡nâ€¦.

Tiáº¿n Ä‘á»™ thi cÃ´ng: Hiá»‡n Ä‘Ã£ hoÃ n thiá»‡n máº·t ngoÃ i vÃ  háº¡ táº§ng ká»¹ thuáº­t nhÆ° Ä‘Æ°á»ng, vá»‰a hÃ¨, Ä‘Æ°á»ng Ä‘iá»‡n - nÆ°á»›c, há»‡ thá»‘ng ngáº§m, cÃ¢y xanh... TrÆ°á»ng Quá»‘c táº¿ Nháº­t Báº£n liÃªn cáº¥p Ä‘Ã£ Ä‘i vÃ o hoáº¡t Ä‘á»™ng.

ChÃ­nh SÃ¡ch bÃ¡n hÃ ng:
+ Chiáº¿t kháº¥u lÃªn tá»›i 6%
+ Há»— trá»£ lÃ£i suáº¥t tá»‘i Ä‘a 12 thÃ¡ng. Ã‚n háº¡n ná»£ gá»‘c 24 thÃ¡ng.
+ Bá»‘c thÄƒm trÃºng Mercedes - Benz, SH 150I, nháº«n kim cÆ°Æ¡ng trá»‹ giÃ¡ 150 triá»‡u Ä‘á»“ng. 
Tá»•ng giáº£i thÆ°á»Ÿng lÃªn tá»›i gáº§n 2 tá»· Ä‘á»“ng
LiÃªn há»‡ ngay PhÃ²ng KD Him Lam Land Ä‘á»ƒ Ä‘Æ°á»£c tÆ° váº¥n dá»± Ã¡n miá»…n phÃ­.",2,khÃ´ng cÃ³,3000,11000,Nhanh hÆ¡n cÃ¡ch ngÆ°á»i yÃªu cÅ© trá»Ÿ máº·t,Gáº§n tráº¡i giam,1,2021-04-29 21:44:00.230977,2021-04-29 21:44:00.231969,2021-07-19 21:44:00.231969
2,"NhÃ  ngá»c lÃ¢m oto vÃ o nhÃ ,Ä‘ang xÃ¢y thÃ´ ,tkáº¿ Ä‘áº¹p",1,ngá»c lÃ¢m,PhÆ°á»ng Ngá»c LÃ¢m,Quáº­n Long BiÃªn,HÃ  Ná»™i,40.0,532500.0,"+NhÃ  Ä‘ang xÃ¢y thÃ´ thiáº¿t káº¿ 6 táº§ng thoÃ¡ng Ä‘áº¹p ,cá»­a gá»— lim 
+oto vÃ o nhÃ  ,vá»‹ trÃ­ thuáº­n tiá»‡n Ä‘i láº¡i
+dÃ¢n cÆ° Ä‘Ã´ng Ä‘Ãºc ,thÃ¢n thiá»‡n 
+mua sá»›m chá»§ cÃ³ thá»ƒ sáº¯p xáº¿p nhÃ  theo Ã½ muá»‘n tá»« Ä‘áº§u
+giÃ¡ 5.325 tá»· hoÃ n thiá»‡n xong(cÃ³ thÆ°Æ¡ng lÆ°á»£ng ) thiá»‡n chÃ­ lÃ  mua Ä‘c nhÃ  
+liÃªn há»‡ e Ä‘á»ƒ xem nhÃ  miá»…n phÃ­ nhÃ©",2,khÃ´ng cÃ³,2000,10000,natB, gáº§n BV tÃ¢m tháº§n kinh,1,2021-04-29 21:44:00.230977,2021-04-29 21:44:00.231969,2021-07-26 21:44:00.231969
